Player,Nation,Pos,Squad,Age,Born,MP,Starts,Min,Gls,Ast,G+A,G-PK,PK,CrdY,CrdR,xG,xAG
Max Aarons,eng ENG,DF,Bournemouth,25,2000,3,1,86,0,0,0,0,0,0,0,0.0,0.0
Joshua Acheampong,eng ENG,DF,Chelsea,18,2006,2,2,160,0,0,0,0,0,0,0,0.2,0.0
Tyler Adams,us USA,MF,Bournemouth,25,1999,12,7,686,0,1,1,0,0,4,0,1.1,0.5
Tosin Adarabioyo,eng ENG,DF,Chelsea,27,1997,10,7,643,0,0,0,0,0,1,0,0.3,0.0
Simon Adingra,ci CIV,"FW,MF",Brighton,23,2002,15,6,553,2,1,3,2,0,0,0,1.4,0.9
Emmanuel Agbadou,ci CIV,DF,Wolves,27,1997,1,1,90,0,0,0,0,0,1,0,0.0,0.0
Asher Agbinone,eng ENG,MF,Crystal Palace,19,2005,2,0,6,0,0,0,0,0,0,0,0.0,0.0
Ola Aina,ng NGA,DF,Nott'ham Forest,28,1996,22,22,1913,2,1,3,2,0,2,0,0.6,0.6
Rayan Aït-Nouri,dz ALG,DF,Wolves,23,2001,20,20,1722,3,5,8,3,0,6,1,1.5,2.2
Kristoffer Ajer,no NOR,DF,Brentford,26,1998,10,9,717,0,0,0,0,0,3,0,0.5,0.7
Manuel Akanji,ch SUI,DF,Manchester City,29,1995,18,18,1527,0,0,0,0,0,3,0,0.5,0.4
Nathan Aké,nl NED,DF,Manchester City,29,1995,9,7,602,0,0,0,0,0,0,0,0.2,0.0
Carlos Alcaraz,ar ARG,MF,Southampton,22,2002,1,0,10,0,0,0,0,0,0,0,0.1,0.1
Trent Alexander-Arnold,eng ENG,DF,Liverpool,26,1998,20,19,1575,1,5,6,1,0,4,0,0.9,5.8
Alisson,br BRA,GK,Liverpool,32,1992,13,13,1158,0,0,0,0,0,0,0,0.0,0.6
Miguel Almirón,py PAR,FW,Newcastle Utd,30,1994,8,1,154,0,0,0,0,0,0,0,0.5,0.2
Edson Álvarez,mx MEX,MF,West Ham,27,1997,18,13,1141,0,0,0,0,0,7,1,0.2,0.6
Will Alves,eng ENG,FW,Leicester City,19,2005,1,0,1,0,0,0,0,0,0,0,0.0,0.0
Samuel Amo-Ameyaw,eng ENG,"FW,DF",Southampton,18,2006,2,0,28,0,0,0,0,0,1,0,0.0,0.1
Joachim Andersen,dk DEN,DF,Crystal Palace,28,1996,1,1,90,0,0,0,0,0,1,0,0.0,0.0
Joachim Andersen,dk DEN,DF,Fulham,28,1996,13,13,1143,0,0,0,0,0,2,1,0.2,0.2
Elliot Anderson,eng ENG,"MF,FW",Nott'ham Forest,22,2002,21,17,1381,1,5,6,1,0,5,0,1.1,2.8
André,br BRA,MF,Wolves,23,2001,16,14,1063,0,0,0,0,0,2,0,0.1,0.5
Michail Antonio,jm JAM,FW,West Ham,34,1990,14,11,836,1,1,2,1,0,1,0,2.2,1.6
Antony,br BRA,"DF,MF",Manchester Utd,24,2000,8,0,141,0,0,0,0,0,0,0,1.0,0.1
Julian Araujo,mx MEX,DF,Bournemouth,23,2001,8,5,355,0,0,0,0,0,1,0,0.0,0.0
Cameron Archer,eng ENG,FW,Southampton,23,2001,20,10,1016,2,0,2,2,0,0,0,4.4,0.3
Alphonse Areola,fr FRA,GK,West Ham,31,1993,11,10,910,0,0,0,0,0,0,0,0.0,0.0
Joe Aribo,ng NGA,MF,Southampton,28,1996,21,13,1287,2,0,2,2,0,1,0,2.3,1.5
Adam Armstrong,eng ENG,"FW,MF",Southampton,27,1997,19,14,1189,2,2,4,2,0,4,0,3.2,1.2
Harrison Armstrong,eng ENG,MF,Everton,18,2007,3,0,48,0,0,0,0,0,1,0,0.4,0.1
Kepa Arrizabalaga,es ESP,GK,Bournemouth,30,1994,15,15,1350,0,0,0,0,0,2,0,0.0,0.0
Brandon Austin,eng ENG,GK,Tottenham,26,1999,1,1,90,0,0,0,0,0,0,0,0.0,0.0
Taiwo Awoniyi,ng NGA,FW,Nott'ham Forest,27,1997,17,2,236,1,0,1,1,0,0,0,1.7,0.1
Yasin Ayari,se SWE,MF,Brighton,21,2003,19,13,1193,0,0,0,0,0,3,0,1.3,1.1
Jordan Ayew,gh GHA,"FW,MF",Crystal Palace,33,1991,1,0,21,0,0,0,0,0,1,0,0.5,0.0
Jordan Ayew,gh GHA,"FW,MF",Leicester City,33,1991,19,11,994,4,0,4,3,1,4,0,2.6,0.5
Benoît Badiashile,fr FRA,DF,Chelsea,23,2001,4,2,249,0,0,0,0,0,0,0,0.0,0.0
Leon Bailey,jm JAM,"FW,MF",Aston Villa,27,1997,18,12,925,1,2,3,1,0,2,0,1.3,1.5
Carlos Baleba,cm CMR,MF,Brighton,21,2004,19,17,1431,2,1,3,2,0,6,1,1.2,0.7
Ross Barkley,eng ENG,MF,Aston Villa,31,1993,16,3,554,3,1,4,3,0,3,0,1.7,0.6
Harvey Barnes,eng ENG,FW,Newcastle Utd,27,1997,20,6,782,5,1,6,5,0,0,0,3.0,2.4
Calvin Bassey,ng NGA,DF,Fulham,25,1999,21,21,1890,0,0,0,0,0,5,0,0.7,0.1
Jan Bednarek,pl POL,DF,Southampton,28,1996,18,18,1602,1,0,1,1,0,4,0,0.4,0.5
Jean-Ricner Bellegarde,fr FRA,"MF,FW",Wolves,26,1998,19,10,827,1,2,3,1,0,3,0,0.8,0.6
Rodrigo Bentancur,uy URU,MF,Tottenham,27,1997,12,9,688,2,0,2,2,0,5,0,0.8,0.1
Sander Berge,no NOR,MF,Fulham,26,1998,15,11,1047,0,0,0,0,0,2,0,0.1,0.4
Lucas Bergvall,se SWE,MF,Tottenham,18,2006,15,4,472,0,0,0,0,0,3,0,0.1,0.3
Victor Bernth Kristiansen,dk DEN,DF,Leicester City,22,2002,19,19,1667,0,1,1,0,0,1,0,0.3,1.2
Beto,gw GNB,"FW,MF",Everton,26,1998,13,1,239,1,0,1,1,0,1,0,1.7,0.0
Philip Billing,dk DEN,MF,Bournemouth,28,1996,10,1,184,0,0,0,0,0,1,0,0.6,1.0
Yves Bissouma,ml MLI,MF,Tottenham,28,1996,17,11,969,2,0,2,2,0,5,0,0.4,0.2
Lamare Bogarde,nl NED,"DF,MF",Aston Villa,21,2004,4,3,267,0,0,0,0,0,1,0,0.0,0.1
Willy Boly,ci CIV,DF,Nott'ham Forest,33,1991,4,1,115,0,0,0,0,0,1,0,0.1,0.0
Sven Botman,nl NED,DF,Newcastle Utd,25,2000,3,3,224,0,0,0,0,0,1,0,0.0,0.0
Jarrod Bowen,eng ENG,"FW,MF",West Ham,28,1996,19,19,1655,5,4,9,4,1,1,0,4.7,4.1
Conor Bradley,nir NIR,DF,Liverpool,21,2003,8,1,241,0,0,0,0,0,1,0,0.4,0.0
Jarrad Branthwaite,eng ENG,DF,Everton,22,2002,14,12,1088,0,0,0,0,0,3,0,0.3,0.0
James Bree,eng ENG,DF,Southampton,27,1997,9,6,488,0,0,0,0,0,0,0,0.0,0.5
Ben Brereton,cl CHI,FW,Southampton,25,1999,10,4,449,0,0,0,0,0,1,0,0.9,0.1
Nathan Broadhead,wls WAL,"MF,FW",Ipswich Town,26,1998,7,3,306,0,0,0,0,0,1,0,0.7,0.4
Armando Broja,al ALB,FW,Everton,23,2001,5,2,159,0,0,0,0,0,1,0,0.1,0.1
David Brooks,wls WAL,FW,Bournemouth,27,1997,15,4,428,2,0,2,2,0,3,0,1.6,1.4
Emi Buendía,ar ARG,"MF,FW",Aston Villa,28,1996,11,0,80,0,0,0,0,0,1,0,0.6,0.0
Santiago Bueno,uy URU,DF,Wolves,26,1998,14,13,1151,0,0,0,0,0,0,0,0.4,0.0
Facundo Buonanotte,ar ARG,"FW,MF",Leicester City,20,2004,19,12,1132,4,2,6,4,0,5,0,3.2,2.8
Cameron Burgess,au AUS,DF,Ipswich Town,29,1995,10,10,900,0,1,1,0,0,0,0,0.7,0.3
Dan Burn,eng ENG,DF,Newcastle Utd,32,1992,21,21,1890,0,0,0,0,0,6,0,0.8,0.2
Wes Burns,wls WAL,"FW,DF",Ipswich Town,30,1994,17,11,898,0,1,1,0,0,1,0,0.5,1.6
Moisés Caicedo,ec ECU,"MF,DF",Chelsea,23,2001,21,21,1855,1,2,3,1,0,4,0,0.5,2.2
Tom Cairney,sct SCO,MF,Fulham,34,1991,16,2,388,1,0,1,1,0,2,1,0.1,0.7
Jens Cajuste,se SWE,MF,Ipswich Town,25,1999,16,13,966,0,0,0,0,0,2,0,0.1,0.3
Riccardo Calafiori,it ITA,DF,Arsenal,22,2002,11,8,707,1,1,2,1,0,3,0,0.6,0.2
Dominic Calvert-Lewin,eng ENG,FW,Everton,27,1997,21,18,1562,3,1,4,3,0,2,0,6.1,0.6
Diego Carlos,br BRA,DF,Aston Villa,31,1993,10,8,830,0,0,0,0,0,1,0,0.6,0.0
Fabio Carvalho,pt POR,"FW,MF",Brentford,22,2002,16,3,428,1,1,2,1,0,1,0,2.1,0.5
Casemiro,br BRA,MF,Manchester Utd,32,1992,14,10,837,1,0,1,1,0,1,0,1.1,2.1
Kaelan Casey,eng ENG,DF,West Ham,20,2004,1,0,1,0,0,0,0,0,0,0,0.0,0.0
Matty Cash,pl POL,DF,Aston Villa,27,1997,15,14,1168,1,1,2,1,0,5,0,0.2,0.9
Timothy Castagne,be BEL,DF,Fulham,29,1995,12,7,723,0,1,1,0,0,1,0,0.1,1.0
Trevoh Chalobah,eng ENG,DF,Crystal Palace,25,1999,12,12,1060,3,0,3,3,0,1,0,1.2,0.4
Conor Chaplin,eng ENG,"MF,FW",Ipswich Town,27,1997,15,7,614,1,1,2,1,0,1,0,1.2,0.6
Federico Chiesa,it ITA,FW,Liverpool,27,1997,2,0,23,0,0,0,0,0,0,0,0.2,0.0
Chiquinho,pt POR,MF,Wolves,24,2000,1,0,7,0,0,0,0,0,0,0,0.0,0.0
Hamza Choudhury,eng ENG,"MF,DF",Leicester City,27,1997,4,1,131,0,0,0,0,0,0,0,0.0,0.4
Ryan Christie,sct SCO,MF,Bournemouth,29,1995,21,19,1584,1,2,3,1,0,8,0,1.3,2.1
Harry Clarke,eng ENG,DF,Ipswich Town,23,2001,7,4,379,0,0,0,0,0,3,1,0.1,0.0
Jack Clarke,eng ENG,"FW,MF",Ipswich Town,24,2000,18,5,605,0,2,2,0,0,1,0,0.8,1.2
Nathaniel Clyne,eng ENG,"DF,MF",Crystal Palace,33,1991,10,4,394,0,0,0,0,0,1,0,0.0,0.1
Conor Coady,eng ENG,DF,Leicester City,31,1993,9,8,712,0,0,0,0,0,1,0,0.0,0.1
Séamus Coleman,ie IRL,DF,Everton,36,1988,3,2,197,0,0,0,0,0,1,0,0.6,0.0
Nathan Collins,ie IRL,DF,Brentford,23,2001,22,22,1980,2,1,3,2,0,2,0,2.2,1.3
Toby Collyer,eng ENG,MF,Manchester Utd,21,2004,3,0,109,0,0,0,0,0,0,0,0.0,0.1
Levi Colwill,eng ENG,DF,Chelsea,21,2003,20,20,1799,0,1,1,0,0,5,0,0.4,0.9
Lewis Cook,eng ENG,"MF,DF",Bournemouth,27,1997,21,19,1762,1,3,4,1,0,4,0,0.6,3.3
Maxwel Cornet,ci CIV,FW,Southampton,28,1996,2,1,72,0,0,0,0,0,1,0,0.2,0.0
Vladimír Coufal,cz CZE,DF,West Ham,32,1992,13,6,575,0,0,0,0,0,2,0,0.2,0.5
Aaron Cresswell,eng ENG,DF,West Ham,35,1989,8,1,120,0,0,0,0,0,1,0,0.0,0.1
Marc Cucurella,es ESP,DF,Chelsea,26,1998,19,17,1534,1,1,2,1,0,8,1,0.6,1.0
Jorge Cuenca,es ESP,DF,Fulham,25,1999,4,1,93,0,0,0,0,0,0,0,0.0,0.0
Matheus Cunha,br BRA,"MF,FW",Wolves,25,1999,20,18,1605,10,4,14,10,0,2,0,4.4,5.7
Patson Daka,zm ZAM,"FW,MF",Leicester City,26,1998,10,1,262,1,0,1,1,0,0,0,0.5,0.0
Diogo Dalot,pt POR,DF,Manchester Utd,25,1999,21,21,1856,0,1,1,0,0,4,0,1.3,1.3
Mikkel Damsgaard,dk DEN,"MF,FW",Brentford,24,2000,22,19,1614,2,6,8,2,0,1,0,1.9,5.4
Danilo,br BRA,MF,Nott'ham Forest,23,2001,1,1,14,0,0,0,0,0,0,0,0.0,0.0
Ben Davies,wls WAL,DF,Tottenham,31,1993,5,4,361,0,0,0,0,0,1,0,0.0,0.0
Leif Davis,eng ENG,DF,Ipswich Town,25,2000,22,22,1980,1,2,3,1,0,5,0,0.7,3.4
Craig Dawson,eng ENG,DF,Wolves,34,1990,15,10,971,0,0,0,0,0,2,0,0.5,0.0
Kevin De Bruyne,be BEL,MF,Manchester City,33,1991,15,11,975,2,6,8,2,0,2,0,2.5,6.0
Liam Delap,eng ENG,FW,Ipswich Town,21,2003,21,20,1596,8,2,10,6,2,6,0,6.4,1.6
Sepp van den Berg,nl NED,DF,Brentford,23,2001,18,17,1518,0,0,0,0,0,1,0,0.7,0.2
Justin Devenny,nir NIR,MF,Crystal Palace,21,2003,10,2,267,1,0,1,1,0,0,0,0.5,0.3
Kiernan Dewsbury-Hall,eng ENG,MF,Chelsea,26,1998,5,0,59,0,0,0,0,0,0,0,0.0,0.1
Amad Diallo,ci CIV,"FW,MF",Manchester Utd,22,2002,20,15,1414,6,6,12,6,0,3,0,4.0,3.4
Rúben Dias,pt POR,DF,Manchester City,27,1997,14,13,1177,0,0,0,0,0,3,0,1.1,0.3
Luis Díaz,co COL,FW,Liverpool,28,1997,20,15,1254,8,2,10,8,0,2,0,6.1,2.1
Tyler Dibling,eng ENG,"FW,MF",Southampton,18,2006,20,14,1230,2,0,2,2,0,6,0,2.1,1.3
Lucas Digne,fr FRA,DF,Aston Villa,31,1993,22,19,1637,0,3,3,0,0,3,0,0.7,3.5
Issa Diop,fr FRA,DF,Fulham,28,1997,16,12,1069,0,0,0,0,0,2,0,0.5,0.1
Axel Disasi,fr FRA,DF,Chelsea,26,1998,5,4,350,1,0,1,1,0,1,0,0.3,0.1
Roman Dixon,eng ENG,DF,Everton,20,2004,1,1,90,0,0,0,0,0,0,0,0.0,0.0
Matt Doherty,ie IRL,DF,Wolves,33,1992,14,10,894,1,1,2,1,0,3,0,0.6,1.3
Jeremy Doku,be BEL,"FW,MF",Manchester City,22,2002,15,9,789,3,4,7,3,0,0,0,0.8,2.3
Nicolás Domínguez,ar ARG,"MF,FW",Nott'ham Forest,26,1998,19,12,1053,0,0,0,0,0,6,0,1.2,0.5
Alfie Dorrington,eng ENG,DF,Tottenham,19,2005,1,0,14,0,0,0,0,0,0,0,0.0,0.0
Abdoulaye Doucouré,ml MLI,MF,Everton,32,1993,19,18,1515,0,0,0,0,0,2,0,0.9,0.9
Cheick Doucouré,ml MLI,MF,Crystal Palace,25,2000,13,4,452,0,0,0,0,0,1,0,0.4,0.0
Flynn Downes,eng ENG,MF,Southampton,26,1999,18,17,1432,1,0,1,1,0,9,0,0.6,0.9
Tommy Doyle,eng ENG,MF,Wolves,23,2001,17,3,440,0,1,1,0,0,1,0,0.5,0.5
Radu Drăgușin,ro ROU,DF,Tottenham,22,2002,15,13,1162,0,0,0,0,0,1,0,0.1,0.3
Martin Dúbravka,sk SVK,GK,Newcastle Utd,36,1989,7,7,630,0,0,0,0,0,0,0,0.0,0.0
Lewis Dunk,eng ENG,DF,Brighton,33,1991,17,15,1382,0,0,0,0,0,4,0,0.7,0.5
Jhon Durán,co COL,FW,Aston Villa,21,2003,19,4,613,7,0,7,7,0,3,1,4.8,0.2
Ederson,br BRA,GK,Manchester City,31,1993,14,14,1260,0,1,1,0,0,3,0,0.0,0.4
George Edmundson,eng ENG,DF,Ipswich Town,27,1997,1,0,2,0,0,0,0,0,0,0,0.0,0.0
Odsonne Édouard,fr FRA,"MF,FW",Crystal Palace,27,1998,2,1,115,0,0,0,0,0,0,0,0.4,0.0
Odsonne Édouard,fr FRA,FW,Leicester City,27,1998,4,0,29,0,0,0,0,0,0,0,0.0,0.0
Samuel Edozie,eng ENG,"DF,FW",Southampton,21,2003,2,0,65,0,0,0,0,0,1,0,0.0,0.1
Ronnie Edwards,eng ENG,DF,Southampton,21,2003,1,0,12,0,0,0,0,0,0,0,0.0,0.0
Anthony Elanga,se SWE,"FW,MF",Nott'ham Forest,22,2002,22,16,1279,3,5,8,3,0,1,0,2.2,2.3
Harvey Elliott,eng ENG,"MF,FW",Liverpool,21,2003,8,0,59,0,1,1,0,0,0,0,0.0,0.8
Yunus Emre Konak,tr TUR,"MF,FW",Brentford,19,2006,5,0,21,0,0,0,0,0,0,0,0.2,0.0
Julio Enciso,py PAR,"MF,FW",Brighton,20,2004,12,2,294,0,0,0,0,0,0,0,1.0,0.2
Wataru Endo,jp JPN,MF,Liverpool,31,1993,8,0,60,0,0,0,0,0,0,0,0.0,0.0
Christian Eriksen,dk DEN,MF,Manchester Utd,32,1992,12,7,633,0,1,1,0,0,2,0,0.1,2.1
Pervis Estupiñán,ec ECU,DF,Brighton,26,1998,18,15,1417,0,1,1,0,0,3,0,0.6,1.8
Evanilson,br BRA,FW,Bournemouth,25,1999,19,17,1370,5,0,5,5,0,0,0,6.6,1.1
Jonny Evans,nir NIR,DF,Manchester Utd,37,1988,6,3,290,0,0,0,0,0,1,0,0.1,0.0
Eberechi Eze,eng ENG,"MF,FW",Crystal Palace,26,1998,18,18,1491,2,5,7,2,0,1,0,4.6,3.3
Łukasz Fabiański,pl POL,GK,West Ham,39,1985,13,12,1070,0,0,0,0,0,2,0,0.0,0.0
Wout Faes,be BEL,DF,Leicester City,26,1998,19,15,1465,1,0,1,1,0,3,0,0.9,0.1
Abdul Fatawu Issahaku,gh GHA,FW,Leicester City,20,2004,11,6,579,0,2,2,0,0,0,0,0.4,1.6
João Félix,pt POR,"FW,MF",Chelsea,25,1999,11,3,362,1,1,2,1,0,2,0,2.2,1.0
Evan Ferguson,ie IRL,FW,Brighton,20,2004,12,2,228,1,0,1,1,0,0,0,0.5,0.4
Bruno Fernandes,pt POR,"MF,FW",Manchester Utd,30,1994,21,21,1745,5,6,11,2,3,3,2,7.6,4.6
Mateus Fernandes,pt POR,MF,Southampton,20,2004,20,18,1559,1,2,3,1,0,6,0,2.9,1.8
Enzo Fernández,ar ARG,MF,Chelsea,24,2001,20,16,1512,3,4,7,3,0,3,0,2.3,3.6
Mark Flekken,nl NED,GK,Brentford,31,1993,22,22,1925,0,1,1,0,0,1,0,0.0,0.2
Phil Foden,eng ENG,"MF,FW",Manchester City,24,2000,17,13,1203,6,2,8,6,0,2,0,4.1,3.9
Wesley Fofana,fr FRA,DF,Chelsea,24,2000,12,12,1015,0,0,0,0,0,6,0,0.4,0.4
Carlos Forbs,pt POR,"MF,FW",Wolves,20,2004,9,1,237,0,0,0,0,0,2,0,0.1,0.0
Fraser Forster,eng ENG,GK,Tottenham,36,1988,7,7,630,0,0,0,0,0,0,0,0.0,0.0
Ryan Fraser,sct SCO,"FW,DF",Southampton,30,1994,7,4,303,0,0,0,0,0,0,1,0.0,0.1
Niclas Füllkrug,de GER,FW,West Ham,31,1993,9,3,370,2,1,3,2,0,1,0,1.4,1.0
Cody Gakpo,nl NED,FW,Liverpool,25,1999,21,13,1166,6,2,8,6,0,4,0,4.4,3.2
Idrissa Gana Gueye,sn SEN,MF,Everton,35,1989,20,18,1577,0,2,2,0,0,4,0,0.8,1.0
Alejandro Garnacho,ar ARG,"FW,MF",Manchester Utd,20,2004,21,11,1151,3,1,4,3,0,1,0,4.8,2.4
James Garner,eng ENG,"DF,MF",Everton,23,2001,4,2,253,0,0,0,0,0,1,0,0.0,0.0
Morgan Gibbs-White,eng ENG,MF,Nott'ham Forest,24,2000,18,18,1421,4,4,8,4,0,7,1,2.8,2.9
Billy Gilmour,sct SCO,MF,Brighton,23,2001,2,1,98,0,0,0,0,0,0,0,0.1,0.0
Ben Godfrey,eng ENG,DF,Ipswich Town,27,1998,1,1,63,0,0,0,0,0,0,0,0.0,0.0
Martial Godo,eng ENG,FW,Fulham,21,2003,1,0,16,0,0,0,0,0,0,0,0.0,0.0
João Gomes,br BRA,MF,Wolves,23,2001,20,20,1693,2,1,3,2,0,6,0,1.6,0.5
Rodrigo Gomes,pt POR,"DF,FW",Wolves,21,2003,14,6,530,1,0,1,1,0,0,0,0.4,0.6
Toti Gomes,pt POR,DF,Wolves,26,1999,16,15,1264,0,1,1,0,0,4,0,0.0,0.6
Diego Gómez,py PAR,MF,Brighton,21,2003,1,0,1,0,0,0,0,0,0,0,0.0,0.0
Joe Gomez,eng ENG,DF,Liverpool,27,1997,9,6,519,0,0,0,0,0,1,0,0.3,0.1
Anthony Gordon,eng ENG,FW,Newcastle Utd,23,2001,21,20,1679,6,4,10,5,1,1,0,7.2,4.2
Ryan Gravenberch,nl NED,MF,Liverpool,22,2002,21,21,1828,0,2,2,0,0,4,0,0.8,2.1
Archie Gray,eng ENG,DF,Tottenham,18,2006,15,8,783,0,0,0,0,0,0,0,0.0,0.0
Jack Grealish,eng ENG,"FW,MF",Manchester City,29,1995,15,6,608,0,1,1,0,0,3,0,0.8,1.7
Jacob Greaves,eng ENG,DF,Ipswich Town,24,2000,12,12,1080,0,0,0,0,0,2,0,0.4,0.0
Brajan Gruda,de GER,"FW,MF",Brighton,20,2004,10,4,322,0,0,0,0,0,0,0,0.3,0.5
Gonçalo Guedes,pt POR,"MF,FW",Wolves,28,1996,18,5,602,2,4,6,2,0,1,0,1.1,1.0
Marc Guéhi,eng ENG,DF,Crystal Palace,24,2000,21,21,1890,3,1,4,3,0,5,0,1.5,0.5
Luis Guilherme,br BRA,"MF,FW",West Ham,18,2006,5,0,50,0,0,0,0,0,0,0,0.0,0.0
Bruno Guimarães,br BRA,MF,Newcastle Utd,27,1997,22,22,1923,2,6,8,2,0,3,0,2.2,4.8
Marc Guiu,es ESP,FW,Chelsea,19,2006,2,0,34,0,0,0,0,0,0,0,0.0,0.0
İlkay Gündoğan,de GER,MF,Manchester City,34,1990,20,14,1254,0,1,1,0,0,1,0,1.6,1.6
Malo Gusto,fr FRA,DF,Chelsea,21,2003,17,14,1240,0,1,1,0,0,3,0,1.5,0.9
Joško Gvardiol,hr CRO,DF,Manchester City,22,2002,21,20,1842,4,0,4,4,0,1,0,2.9,1.5
Erling Haaland,no NOR,FW,Manchester City,24,2000,22,22,1944,17,1,18,16,1,2,0,17.5,1.6
Lewis Hall,eng ENG,DF,Newcastle Utd,20,2004,22,19,1743,0,3,3,0,0,3,0,0.4,3.5
Ali Al Hamadi,iq IRQ,FW,Ipswich Town,22,2002,11,0,134,0,0,0,0,0,3,0,0.4,0.1
Marcus Harness,eng ENG,MF,Ipswich Town,28,1996,2,0,45,0,0,0,0,0,0,0,0.0,0.0
Jack Harrison,eng ENG,FW,Everton,28,1996,18,12,997,0,0,0,0,0,0,0,2.2,2.0
Taylor Harwood-Bellis,eng ENG,DF,Southampton,22,2002,21,20,1760,1,0,1,1,0,7,0,1.3,0.8
Kai Havertz,de GER,"FW,MF",Arsenal,25,1999,19,19,1660,8,2,10,8,0,4,0,8.4,2.3
Jan Paul van Hecke,nl NED,DF,Brighton,24,2000,20,19,1700,0,1,1,0,0,4,0,0.8,0.9
Hwang Hee-chan,kr KOR,"MF,FW",Wolves,28,1996,15,5,549,2,0,2,2,0,0,0,0.8,0.1
Dean Henderson,eng ENG,GK,Crystal Palace,27,1997,22,22,1980,0,0,0,0,0,2,0,0.0,0.0
Rico Henry,eng ENG,DF,Brentford,27,1997,1,0,4,0,0,0,0,0,0,0,0.0,0.0
Mads Hermansen,dk DEN,GK,Leicester City,24,2000,16,16,1395,0,0,0,0,0,0,0,0.0,0.0
Son Heung-min,kr KOR,FW,Tottenham,32,1992,19,17,1405,6,6,12,6,0,0,0,5.0,5.8
James Hill,eng ENG,"DF,MF",Bournemouth,23,2002,5,3,179,0,1,1,0,0,0,0,0.0,0.2
Jack Hinshelwood,eng ENG,"MF,DF",Brighton,19,2005,10,10,840,1,0,1,1,0,2,0,0.7,0.3
George Hirst,eng ENG,FW,Ipswich Town,25,1999,10,1,205,1,1,2,1,0,1,0,0.8,0.3
Mason Holgate,eng ENG,"FW,DF",Everton,28,1996,1,0,6,0,0,0,0,0,0,0,0.0,0.0
Callum Hudson-Odoi,eng ENG,"FW,MF",Nott'ham Forest,24,2000,20,18,1525,3,2,5,3,0,1,0,1.9,2.0
Will Hughes,eng ENG,MF,Crystal Palace,29,1995,19,14,1240,0,3,3,0,0,7,0,0.8,1.7
Dean Huijsen,es ESP,DF,Bournemouth,19,2005,16,11,1064,2,0,2,2,0,4,0,1.4,0.8
Omari Hutchinson,eng ENG,"MF,FW",Ipswich Town,21,2003,20,20,1697,2,1,3,2,0,4,0,1.6,2.1
Rasmus Højlund,dk DEN,FW,Manchester Utd,21,2003,17,12,1032,2,0,2,2,0,1,0,2.4,1.1
Igor,br BRA,DF,Brighton,26,1998,12,9,903,0,0,0,0,0,4,0,0.0,0.2
Danny Ings,eng ENG,FW,West Ham,32,1992,12,1,247,1,2,3,1,0,0,0,2.1,1.2
Tim Iroegbunam,eng ENG,MF,Everton,21,2003,6,4,383,0,0,0,0,0,2,0,0.2,0.1
Andy Irving,sct SCO,MF,West Ham,24,2000,7,0,87,0,0,0,0,0,1,0,0.0,0.0
Alexander Isak,se SWE,FW,Newcastle Utd,25,1999,20,20,1630,15,5,20,15,0,1,0,12.6,3.7
Alex Iwobi,ng NGA,"FW,MF",Fulham,28,1996,22,22,1848,7,3,10,7,0,1,0,3.3,4.7
Nicolas Jackson,sn SEN,FW,Chelsea,23,2001,20,19,1535,9,4,13,9,0,5,0,10.7,2.6
Reece James,eng ENG,DF,Chelsea,25,1999,5,3,276,1,0,1,1,0,0,0,0.1,0.0
Vitaly Janelt,de GER,MF,Brentford,26,1998,21,18,1563,1,3,4,1,0,2,0,0.6,2.1
Vitezslav Jaros,cz CZE,GK,Liverpool,23,2001,1,0,12,0,0,0,0,0,0,0,0.0,0.0
Daniel Jebbison,eng ENG,FW,Bournemouth,21,2003,4,0,45,0,0,0,0,0,1,0,0.2,0.2
Mathias Jensen,dk DEN,MF,Brentford,29,1996,12,8,642,0,1,1,0,0,1,0,0.2,1.4
Gabriel Jesus,br BRA,FW,Arsenal,27,1997,17,6,608,3,0,3,3,0,4,0,3.0,0.7
Raúl Jiménez,mx MEX,FW,Fulham,33,1991,22,17,1387,8,2,10,5,3,3,0,8.1,2.4
Kim Jisoo,kr KOR,DF,Brentford,20,2004,2,0,29,0,0,0,0,0,0,0,0.0,0.0
João Pedro,br BRA,"FW,MF",Brighton,23,2001,16,14,1205,5,5,10,4,1,2,0,3.7,2.3
Joelinton,br BRA,"MF,FW",Newcastle Utd,28,1996,21,21,1761,4,1,5,4,0,8,0,3.3,1.5
Ben Johnson,eng ENG,"DF,FW",Ipswich Town,24,2000,13,8,766,0,1,1,0,0,2,0,0.4,0.6
Brennan Johnson,wls WAL,FW,Tottenham,23,2001,21,16,1492,7,2,9,7,0,3,0,8.0,1.3
Sam Johnstone,eng ENG,GK,Wolves,31,1993,7,7,630,0,0,0,0,0,0,0,0.0,0.0
Curtis Jones,eng ENG,MF,Liverpool,23,2001,18,10,896,3,2,5,3,0,1,0,2.9,0.4
Jorginho,it ITA,MF,Arsenal,33,1991,10,6,459,0,0,0,0,0,3,0,0.0,0.4
Diogo Jota,pt POR,FW,Liverpool,28,1996,13,7,629,5,2,7,5,0,1,0,4.9,1.1
James Justin,eng ENG,DF,Leicester City,26,1998,21,21,1813,2,1,3,2,0,2,0,1.3,0.4
Filip Jørgensen,dk DEN,GK,Chelsea,22,2002,2,2,180,0,0,0,0,0,0,0,0.0,0.0
Ferdi Kadioglu,tr TUR,"DF,MF",Brighton,25,1999,6,5,385,1,0,1,1,0,1,0,0.4,0.2
Daichi Kamada,jp JPN,MF,Crystal Palace,28,1996,18,9,866,0,0,0,0,0,2,1,0.7,1.0
Boubacar Kamara,fr FRA,MF,Aston Villa,25,1999,13,10,856,0,0,0,0,0,2,0,0.1,0.3
Michael Keane,eng ENG,DF,Everton,32,1993,10,9,813,2,0,2,2,0,4,0,0.4,0.1
Caoimhín Kelleher,ie IRL,GK,Liverpool,26,1998,8,8,720,0,0,0,0,0,0,0,0.0,0.0
Lloyd Kelly,eng ENG,DF,Newcastle Utd,26,1998,9,4,299,0,1,1,0,0,2,0,0.4,0.5
Milos Kerkez,hu HUN,DF,Bournemouth,21,2003,22,22,1907,2,3,5,2,0,3,0,0.4,2.9
Bilal El Khannouss,ma MAR,MF,Leicester City,20,2004,17,12,929,1,1,2,1,0,1,0,0.4,1.8
Max Kilman,eng ENG,DF,West Ham,27,1997,22,22,1908,0,1,1,0,0,3,0,1.4,0.8
Joshua King,eng ENG,"MF,FW",Fulham,18,2007,5,1,80,0,0,0,0,0,0,0,0.2,0.4
Antonín Kinský,cz CZE,GK,Tottenham,21,2003,2,2,180,0,0,0,0,0,0,0,0.0,0.0
Jakub Kiwior,pl POL,DF,Arsenal,24,2000,8,2,327,0,0,0,0,0,0,0,0.0,0.1
Justin Kluivert,nl NED,"MF,FW",Bournemouth,25,1999,21,17,1353,10,3,13,4,6,6,0,8.0,2.7
Ibrahima Konaté,fr FRA,DF,Liverpool,25,1999,15,14,1219,1,1,2,1,0,4,0,1.0,0.6
Ezri Konsa,eng ENG,DF,Aston Villa,27,1997,20,20,1721,1,0,1,1,0,0,0,0.6,0.2
Mateo Kovačić,hr CRO,MF,Manchester City,30,1994,18,16,1365,4,1,5,4,0,4,0,1.3,3.1
Caleb Kporha,eng ENG,DF,Crystal Palace,18,2006,2,0,13,0,0,0,0,0,0,0,0.0,0.0
Emil Krafth,se SWE,DF,Newcastle Utd,30,1994,3,2,241,0,0,0,0,0,0,0,0.0,0.1
Mohammed Kudus,gh GHA,"MF,FW",West Ham,24,2000,17,17,1384,3,1,4,3,0,0,1,3.9,1.9
Dejan Kulusevski,se SWE,"MF,FW",Tottenham,24,2000,22,20,1770,6,4,10,6,0,3,0,3.4,5.5
Maxence Lacroix,fr FRA,DF,Crystal Palace,24,2000,19,19,1710,1,1,2,1,0,3,0,1.6,0.3
Adam Lallana,eng ENG,MF,Southampton,36,1988,11,5,329,0,2,2,0,0,4,0,0.2,0.9
Tariq Lamptey,gh GHA,DF,Brighton,24,2000,8,4,356,2,2,4,2,0,0,0,0.3,0.4
Will Lankshear,eng ENG,FW,Tottenham,19,2005,2,0,10,0,0,0,0,0,0,0,0.0,0.0
Roméo Lavia,be BEL,MF,Chelsea,21,2004,10,8,532,0,1,1,0,0,4,0,0.2,0.7
Mario Lemina,ga GAB,"MF,DF",Wolves,31,1993,17,15,1364,1,3,4,1,0,4,0,1.4,1.1
Bernd Leno,de GER,GK,Fulham,32,1992,22,22,1980,0,1,1,0,0,2,0,0.0,0.1
Jefferson Lerma,co COL,MF,Crystal Palace,30,1994,17,13,1113,0,0,0,0,0,4,0,0.7,0.9
Rico Lewis,eng ENG,"DF,MF",Manchester City,20,2004,19,16,1402,1,2,3,1,0,5,1,1.2,0.3
Keane Lewis-Potter,eng ENG,"DF,FW",Brentford,23,2001,22,20,1739,1,2,3,1,0,3,0,2.2,1.5
Myles Lewis-Skelly,eng ENG,DF,Arsenal,18,2006,8,5,420,0,0,0,0,0,2,0,0.0,0.1
Matthijs de Ligt,nl NED,DF,Manchester Utd,25,1999,20,17,1483,1,0,1,1,0,3,0,1.6,0.3
Pedro Lima,br BRA,DF,Wolves,18,2006,1,1,58,0,0,0,0,0,0,0,0.0,0.1
Victor Lindelöf,se SWE,"DF,MF",Manchester Utd,30,1994,5,0,63,0,0,0,0,0,1,0,0.0,0.0
Jesper Lindstrøm,dk DEN,FW,Everton,24,2000,17,8,738,0,0,0,0,0,0,0,1.8,1.7
Valentino Livramento,eng ENG,DF,Newcastle Utd,22,2002,21,17,1494,0,0,0,0,0,0,0,0.0,0.5
Sean Longstaff,eng ENG,MF,Newcastle Utd,27,1997,17,8,720,0,0,0,0,0,2,0,0.6,0.2
Saša Lukić,rs SRB,MF,Fulham,28,1996,17,16,1329,0,2,2,0,0,9,0,0.7,2.1
Joe Lumley,eng ENG,GK,Southampton,29,1995,3,3,270,0,0,0,0,0,0,0,0.0,0.0
Massimo Luongo,au AUS,MF,Ipswich Town,32,1992,6,2,170,0,0,0,0,0,0,0,0.0,0.0
Ian Maatsen,nl NED,DF,Aston Villa,22,2002,16,3,358,0,1,1,0,0,2,0,0.1,1.3
Alexis Mac Allister,ar ARG,MF,Liverpool,26,1998,20,18,1491,1,3,4,1,0,5,0,1.7,3.3
James Maddison,eng ENG,MF,Tottenham,28,1996,22,15,1300,8,4,12,8,0,4,0,4.9,2.7
Noni Madueke,eng ENG,FW,Chelsea,22,2002,19,15,1200,5,3,8,5,0,3,0,5.4,2.9
Gabriel Magalhães,br BRA,DF,Arsenal,27,1997,20,20,1718,3,1,4,3,0,3,0,2.4,0.7
Edmond-Paris Maghoma,eng ENG,MF,Brentford,23,2001,5,0,78,0,0,0,0,0,0,0,0.0,0.0
Harry Maguire,eng ENG,DF,Manchester Utd,31,1993,15,10,908,0,0,0,0,0,6,0,0.5,0.2
Kobbie Mainoo,eng ENG,MF,Manchester Utd,19,2005,16,14,1206,0,0,0,0,0,5,0,0.5,1.3
Tyrell Malacia,nl NED,DF,Manchester Utd,25,1999,2,2,90,0,0,0,0,0,1,0,0.0,0.0
Orel Mangala,be BEL,MF,Everton,26,1998,18,13,1171,1,0,1,1,0,2,0,1.1,0.6
Ryan Manning,ie IRL,DF,Southampton,28,1996,12,9,702,0,0,0,0,0,1,0,0.1,1.3
Solly March,eng ENG,"MF,DF",Brighton,30,1994,2,0,25,0,0,0,0,0,1,0,0.1,0.0
Gabriel Martinelli,br BRA,"FW,MF",Arsenal,23,2001,20,14,1282,6,2,8,6,0,1,0,3.9,2.7
Emiliano Martínez,ar ARG,GK,Aston Villa,32,1992,22,22,1935,0,0,0,0,0,2,0,0.0,0.0
Lisandro Martínez,ar ARG,DF,Manchester Utd,27,1998,18,18,1580,1,1,2,1,0,7,0,1.2,1.1
Pape Matar Sarr,sn SEN,MF,Tottenham,22,2002,22,14,1179,1,2,3,1,0,4,0,2.1,1.3
Jean-Philippe Mateta,fr FRA,FW,Crystal Palace,27,1997,22,20,1682,8,1,9,6,2,2,0,7.8,2.0
Stephy Mavididi,eng ENG,FW,Leicester City,26,1998,21,14,1275,3,1,4,3,0,2,0,1.5,2.4
Konstantinos Mavropanos,gr GRE,DF,West Ham,27,1997,19,15,1386,0,0,0,0,0,4,1,0.9,0.5
Noussair Mazraoui,ma MAR,DF,Manchester Utd,27,1997,22,20,1684,0,1,1,0,0,1,0,0.4,0.5
Bryan Mbeumo,cm CMR,FW,Brentford,25,1999,22,22,1974,13,3,16,10,3,2,0,6.8,5.4
James Mcatee,eng ENG,"MF,FW",Manchester City,22,2002,6,0,70,1,0,1,1,0,0,0,0.8,0.0
Kasey McAteer,ie IRL,"FW,MF",Leicester City,23,2001,11,4,386,0,1,1,0,0,1,0,0.6,0.4
Alex McCarthy,eng ENG,GK,Southampton,35,1989,4,4,360,0,0,0,0,0,0,0,0.0,0.0
John McGinn,sct SCO,"FW,MF",Aston Villa,30,1994,18,16,1254,0,3,3,0,0,3,0,1.8,2.5
Dwight McNeil,eng ENG,"MF,FW",Everton,25,1999,13,13,1140,3,3,6,3,0,1,0,0.9,3.5
Scott McTominay,sct SCO,MF,Manchester Utd,28,1996,2,0,19,0,0,0,0,0,0,0,0.1,0.0
Ben Mee,eng ENG,DF,Brentford,35,1989,5,2,176,0,0,0,0,0,2,0,0.0,0.0
Jayden Meghoma,eng ENG,DF,Brentford,18,2006,1,0,5,0,0,0,0,0,0,0,0.0,0.0
Mikel Merino,es ESP,MF,Arsenal,28,1996,15,8,760,2,1,3,2,0,2,0,2.2,0.9
Nikola Milenković,rs SRB,DF,Nott'ham Forest,27,1997,21,21,1890,2,1,3,2,0,2,0,2.8,0.2
Lewis Miley,eng ENG,MF,Newcastle Utd,18,2006,3,0,20,0,0,0,0,0,0,0,0.0,0.0
James Milner,eng ENG,MF,Brighton,39,1986,3,3,169,0,0,0,0,0,1,0,0.2,0.2
Tyrone Mings,eng ENG,DF,Aston Villa,31,1993,5,4,431,0,0,0,0,0,1,0,0.2,0.2
Yankuba Minteh,gm GAM,"FW,MF",Brighton,20,2004,17,7,733,3,2,5,3,0,4,0,2.1,2.8
Tyrick Mitchell,eng ENG,DF,Crystal Palace,25,1999,22,22,1913,0,3,3,0,0,2,0,0.5,3.6
Kaoru Mitoma,jp JPN,"FW,MF",Brighton,27,1997,22,19,1755,5,3,8,5,0,0,0,5.1,4.3
Jakub Moder,pl POL,MF,Brighton,25,1999,4,0,11,0,0,0,0,0,0,0,0.0,0.2
Mikey Moore,eng ENG,"FW,MF",Tottenham,17,2007,5,1,103,0,1,1,0,0,0,0,0.2,0.2
Morato,br BRA,DF,Nott'ham Forest,23,2001,15,2,420,0,0,0,0,0,0,0,0.0,0.0
Álex Moreno,es ESP,DF,Nott'ham Forest,31,1993,12,10,789,0,1,1,0,0,2,0,0.2,1.0
Sam Morsy,eg EGY,MF,Ipswich Town,33,1991,20,19,1723,1,1,2,1,0,7,0,0.3,0.6
Yerson Mosquera,co COL,DF,Wolves,23,2001,5,5,441,0,0,0,0,0,2,0,0.3,0.1
Mason Mount,eng ENG,"MF,FW",Manchester Utd,26,1999,8,4,247,0,0,0,0,0,2,0,0.4,0.1
Divin Mubama,eng ENG,FW,Manchester City,20,2004,1,0,28,0,0,0,0,0,0,0,0.0,0.0
Mykhailo Mudryk,ua UKR,FW,Chelsea,24,2001,7,1,151,0,0,0,0,0,0,0,0.3,1.0
Rodrigo Muniz,br BRA,FW,Fulham,23,2001,21,5,627,3,1,4,3,0,1,0,2.8,0.6
Daniel Muñoz,co COL,DF,Crystal Palace,28,1996,21,21,1803,2,1,3,2,0,5,0,3.3,2.7
Arijanet Muric,xk KVX,GK,Ipswich Town,26,1998,17,17,1530,0,0,0,0,0,1,0,0.0,0.0
Murillo,br BRA,DF,Nott'ham Forest,22,2002,21,21,1867,1,0,1,1,0,4,0,1.1,0.9
Jacob Murphy,eng ENG,FW,Newcastle Utd,29,1995,19,15,1166,3,6,9,3,0,2,0,2.4,5.6
Vitaliy Mykolenko,ua UKR,DF,Everton,25,1999,19,19,1645,0,0,0,0,0,2,0,0.4,0.8
Iliman Ndiaye,sn SEN,FW,Everton,24,2000,21,19,1686,4,0,4,4,0,2,0,2.3,1.5
Wilfred Ndidi,ng NGA,MF,Leicester City,28,1996,15,15,1215,0,4,4,0,0,4,0,1.4,1.4
Kosta Nedeljković,rs SRB,DF,Aston Villa,19,2005,4,0,118,0,0,0,0,0,0,0,0.0,0.0
Reiss Nelson,eng ENG,FW,Arsenal,25,1999,1,0,3,0,0,0,0,0,0,0,0.0,0.0
Reiss Nelson,eng ENG,FW,Fulham,25,1999,11,5,487,1,1,2,1,0,1,0,1.1,1.0
Neto,br BRA,GK,Bournemouth,35,1989,2,2,180,0,0,0,0,0,0,0,0.0,0.0
Pedro Neto,pt POR,FW,Chelsea,24,2000,18,10,1012,1,2,3,1,0,6,0,0.9,2.6
Eddie Nketiah,eng ENG,"MF,FW",Crystal Palace,25,1999,16,6,608,0,1,1,0,0,3,0,1.6,1.3
Christopher Nkunku,fr FRA,FW,Chelsea,27,1997,18,3,402,2,1,3,2,0,1,0,4.0,1.7
Matheus Nunes,pt POR,"DF,MF",Manchester City,26,1998,14,8,710,0,3,3,0,0,2,0,0.2,2.1
Darwin Núñez,uy URU,FW,Liverpool,25,1999,16,7,781,4,2,6,4,0,6,0,3.4,0.9
Ethan Nwaneri,eng ENG,"FW,MF",Arsenal,17,2007,12,2,239,2,0,2,2,0,1,0,0.3,0.2
Christian Nørgaard,dk DEN,MF,Brentford,30,1994,19,19,1559,2,2,4,2,0,4,1,2.3,0.5
Jake O'Brien,ie IRL,DF,Everton,23,2001,4,1,131,0,0,0,0,0,1,0,0.0,0.1
Matt O'Riley,dk DEN,MF,Brighton,24,2000,9,5,416,1,1,2,1,0,1,0,1.1,1.1
Dara O'Shea,ie IRL,DF,Ipswich Town,25,1999,19,19,1682,0,0,0,0,0,5,0,0.8,0.0
Wilson Odobert,fr FRA,FW,Tottenham,20,2004,3,2,162,0,0,0,0,0,0,0,0.4,0.1
Chiedozie Ogbene,ie IRL,FW,Ipswich Town,27,1997,5,3,238,0,0,0,0,0,0,0,0.0,0.1
Caleb Okoli,it ITA,DF,Leicester City,23,2001,13,9,800,0,0,0,0,0,2,0,0.1,0.0
Robin Olsen,se SWE,GK,Aston Villa,35,1990,1,0,45,0,0,0,0,0,0,0,0.0,0.0
Amadou Onana,be BEL,MF,Aston Villa,23,2001,16,14,1034,2,0,2,2,0,4,0,1.8,0.1
André Onana,cm CMR,GK,Manchester Utd,28,1996,22,22,1980,0,0,0,0,0,0,0,0.0,0.2
Paul Onuachu,ng NGA,FW,Southampton,30,1994,12,4,364,1,0,1,1,0,1,0,1.3,0.2
Frank Onyeka,ng NGA,MF,Brentford,27,1998,2,0,25,0,0,0,0,0,0,0,0.0,0.0
Lewis Orford,eng ENG,MF,West Ham,18,2006,1,0,35,0,0,0,0,0,0,0,0.0,0.0
Stefan Ortega,de GER,GK,Manchester City,32,1992,8,8,720,0,0,0,0,0,1,0,0.0,0.0
William Osula,dk DEN,"FW,MF",Newcastle Utd,21,2003,8,0,45,0,0,0,0,0,0,0,0.0,0.1
Dango Ouattara,bf BFA,FW,Bournemouth,22,2002,19,10,1062,3,4,7,3,0,1,0,4.7,3.9
Nico O’Reilly,eng ENG,MF,Manchester City,19,2005,1,0,19,0,0,0,0,0,0,0,0.0,0.0
Cole Palmer,eng ENG,MF,Chelsea,22,2002,21,21,1837,14,6,20,11,3,3,0,11.8,7.8
Emerson Palmieri,it ITA,DF,West Ham,30,1994,20,19,1487,1,1,2,1,0,5,0,1.2,1.2
Lucas Paquetá,br BRA,MF,West Ham,27,1997,21,18,1519,4,0,4,2,2,6,0,4.3,2.0
Thomas Partey,gh GHA,"MF,DF",Arsenal,31,1993,21,18,1673,2,2,4,2,0,2,0,1.5,1.6
Nathan Patterson,sct SCO,DF,Everton,23,2001,5,0,97,0,0,0,0,0,0,0,0.1,0.3
Andreas Pereira,br BRA,MF,Fulham,29,1996,19,16,1246,2,1,3,2,0,6,0,3.0,2.2
Ricardo Pereira,pt POR,DF,Leicester City,31,1993,2,2,146,0,0,0,0,0,1,0,0.0,0.0
Kalvin Phillips,eng ENG,MF,Ipswich Town,29,1995,12,9,771,0,0,0,0,0,3,1,0.3,0.1
Jaden Philogene Bidace,eng ENG,"FW,MF",Aston Villa,22,2002,11,2,332,0,0,0,0,0,4,1,0.5,0.3
Jaden Philogene Bidace,eng ENG,MF,Ipswich Town,22,2002,1,0,27,0,0,0,0,0,0,0,0.0,0.0
Jordan Pickford,eng ENG,GK,Everton,30,1994,21,21,1890,0,0,0,0,0,5,0,0.0,0.0
Ethan Pinnock,jm JAM,DF,Brentford,31,1993,16,16,1440,2,0,2,2,0,2,0,0.9,1.2
Daniel Podence,pt POR,"MF,FW",Wolves,29,1995,2,0,48,0,0,0,0,0,0,0,0.0,0.0
Alfie Pond,eng ENG,DF,Wolves,20,2004,1,0,1,0,0,0,0,0,0,0,0.0,0.0
Nick Pope,eng ENG,GK,Newcastle Utd,32,1992,15,15,1350,0,0,0,0,0,2,0,0.0,0.0
Pedro Porro,es ESP,DF,Tottenham,25,1999,22,19,1808,2,4,6,2,0,2,0,1.3,2.2
Jarell Quansah,eng ENG,DF,Liverpool,21,2003,5,2,228,0,0,0,0,0,1,0,0.0,0.0
Hákon Rafn Valdimarsson,is ISL,GK,Brentford,23,2001,1,0,55,0,0,0,0,0,0,0,0.0,0.0
Aaron Ramsdale,eng ENG,GK,Southampton,26,1998,15,15,1350,0,0,0,0,0,1,0,0.0,0.0
Jacob Ramsey,eng ENG,"FW,MF",Aston Villa,23,2001,14,9,883,0,2,2,0,0,1,0,1.0,1.6
Marcus Rashford,eng ENG,"FW,MF",Manchester Utd,27,1997,15,12,978,4,1,5,4,0,2,0,1.7,2.1
David Raya,es ESP,GK,Arsenal,29,1995,22,22,1980,0,0,0,0,0,2,0,0.0,0.0
Harrison Reed,eng ENG,MF,Fulham,29,1995,8,0,61,0,0,0,0,0,2,0,0.0,0.1
Remy Rees-Dottin,eng ENG,FW,Bournemouth,18,2006,1,0,1,0,0,0,0,0,0,0,0.0,0.0
Sergio Reguilón,es ESP,DF,Tottenham,28,1996,2,0,86,0,0,0,0,0,1,0,0.1,0.0
Bobby Reid,jm JAM,"FW,MF",Leicester City,31,1993,14,2,282,1,0,1,1,0,0,0,0.7,0.1
Chadi Riad,ma MAR,DF,Crystal Palace,21,2003,1,1,90,0,0,0,0,0,0,0,0.0,0.0
Declan Rice,eng ENG,MF,Arsenal,26,1999,20,18,1561,1,3,4,1,0,5,1,1.4,4.3
Chris Richards,us USA,DF,Crystal Palace,24,2000,11,9,805,0,0,0,0,0,1,0,0.2,0.0
Richarlison,br BRA,FW,Tottenham,27,1997,7,0,148,1,1,2,1,0,1,0,0.6,0.9
Andrew Robertson,sct SCO,DF,Liverpool,30,1994,20,18,1470,0,0,0,0,0,2,1,0.5,2.7
Antonee Robinson,us USA,DF,Fulham,27,1997,22,22,1980,0,9,9,0,0,4,0,0.6,3.1
Rodri,es ESP,MF,Manchester City,28,1996,2,1,65,0,0,0,0,0,0,0,0.0,0.0
Guido Rodríguez,ar ARG,MF,West Ham,30,1994,18,14,1016,0,0,0,0,0,5,0,0.2,0.1
Mads Roerslev,dk DEN,DF,Brentford,25,1999,18,10,1011,0,2,2,0,0,2,0,0.2,3.0
Morgan Rogers,eng ENG,"MF,FW",Aston Villa,22,2002,21,21,1738,6,4,10,6,0,6,0,3.7,4.4
Cristian Romero,ar ARG,DF,Tottenham,26,1998,12,12,974,1,0,1,1,0,1,0,1.1,0.5
Georginio Rutter,fr FRA,"FW,MF",Brighton,22,2002,21,13,1132,4,2,6,4,0,2,0,3.3,1.5
José Sá,pt POR,GK,Wolves,32,1993,14,14,1260,0,0,0,0,0,1,0,0.0,0.1
Bukayo Saka,eng ENG,"FW,MF",Arsenal,23,2001,16,16,1268,5,10,15,4,1,3,0,4.2,5.8
Mohamed Salah,eg EGY,FW,Liverpool,32,1992,21,21,1852,18,13,31,13,5,1,0,17.0,9.0
William Saliba,fr FRA,DF,Arsenal,23,2001,20,20,1739,2,0,2,2,0,2,1,1.9,0.5
Robert Sánchez,es ESP,GK,Chelsea,27,1997,19,19,1710,0,0,0,0,0,4,0,0.0,0.0
Jadon Sancho,eng ENG,FW,Chelsea,24,2000,15,11,961,2,4,6,2,0,1,0,1.2,2.5
Ibrahim Sangaré,ci CIV,MF,Nott'ham Forest,27,1997,3,3,212,0,0,0,0,0,2,0,0.0,0.0
Pablo Sarabia,es ESP,"MF,FW",Wolves,32,1992,7,2,202,1,0,1,1,0,1,0,1.8,0.4
Jeremy Sarmiento,ec ECU,MF,Brighton,22,2002,1,0,9,0,0,0,0,0,0,0,0.0,0.0
Ismaila Sarr,sn SEN,"MF,FW",Crystal Palace,26,1998,22,15,1431,4,3,7,4,0,3,0,3.9,4.7
Sávio,br BRA,"FW,MF",Manchester City,20,2004,18,13,1080,1,5,6,1,0,2,0,3.0,4.9
Oliver Scarles,eng ENG,"DF,FW",West Ham,19,2005,4,0,81,0,0,0,0,0,0,0,0.0,0.0
Kevin Schade,de GER,FW,Brentford,23,2001,22,10,992,5,2,7,5,0,2,0,4.1,1.7
Fabian Schär,ch SUI,DF,Newcastle Utd,33,1991,18,17,1512,2,0,2,2,0,5,1,1.3,0.2
Jeffrey Schlupp,gh GHA,"MF,DF",Crystal Palace,32,1992,12,0,103,0,0,0,0,0,0,0,0.2,0.2
Alex Scott,eng ENG,MF,Bournemouth,21,2003,8,2,263,0,0,0,0,0,0,0,0.1,0.2
Matz Sels,be BEL,GK,Nott'ham Forest,32,1992,22,22,1980,0,0,0,0,0,2,0,0.0,0.0
Nélson Semedo,pt POR,DF,Wolves,31,1993,17,16,1428,0,3,3,0,0,6,0,0.4,1.8
Antoine Semenyo,gh GHA,FW,Bournemouth,25,2000,21,21,1836,6,3,9,6,0,5,0,6.6,3.9
Marcos Senesi,ar ARG,DF,Bournemouth,27,1997,11,11,917,0,0,0,0,0,4,0,0.8,0.4
Ryan Sessegnon,eng ENG,MF,Fulham,24,2000,2,0,6,0,0,0,0,0,0,0,0.0,0.0
Luke Shaw,eng ENG,DF,Manchester Utd,29,1995,2,0,70,0,0,0,0,0,0,0,0.0,0.0
Bernardo Silva,pt POR,"MF,FW",Manchester City,30,1994,21,19,1736,2,4,6,2,0,4,0,2.9,4.0
Jota Silva,pt POR,"FW,MF",Nott'ham Forest,25,1999,21,3,624,0,1,1,0,0,3,0,0.9,2.5
Eric da Silva Moreira,de GER,"MF,DF",Nott'ham Forest,18,2006,2,0,30,0,0,0,0,0,0,0,0.0,0.0
Jahmai Simpson-Pusey,eng ENG,DF,Manchester City,19,2005,2,1,96,0,0,0,0,0,1,0,0.0,0.0
Luis Sinisterra,co COL,"FW,MF",Bournemouth,25,1999,8,1,208,1,1,2,1,0,0,0,1.1,1.0
Oliver Skipp,eng ENG,MF,Leicester City,24,2000,14,7,760,0,0,0,0,0,4,0,0.1,0.2
William Smallbone,ie IRL,MF,Southampton,24,2000,6,3,274,0,0,0,0,0,0,0,0.3,0.3
Adam Smith,eng ENG,DF,Bournemouth,33,1991,17,12,1035,0,0,0,0,0,4,0,0.6,0.1
Emile Smith Rowe,eng ENG,MF,Fulham,24,2000,20,16,1282,4,2,6,4,0,1,0,3.3,1.0
Dominic Solanke,eng ENG,FW,Tottenham,27,1997,18,18,1598,7,3,10,7,0,0,0,8.5,2.6
Carlos Soler,es ESP,"MF,FW",West Ham,28,1997,17,9,841,1,1,2,1,0,5,0,1.1,1.0
Ramón Sosa,py PAR,"FW,MF",Nott'ham Forest,25,1999,13,1,229,1,0,1,1,0,0,0,0.9,0.4
Tomáš Souček,cz CZE,MF,West Ham,29,1995,20,17,1525,5,1,6,5,0,6,0,3.5,1.0
Boubakary Soumaré,fr FRA,MF,Leicester City,25,1999,15,11,1015,0,0,0,0,0,8,0,0.2,0.1
Djed Spence,eng ENG,DF,Tottenham,24,2000,10,6,590,0,1,1,0,0,3,1,0.1,0.9
Jay Stansfield,eng ENG,MF,Fulham,22,2002,1,0,1,0,0,0,0,0,0,0,0.0,0.0
Jason Steele,eng ENG,GK,Brighton,34,1990,2,2,180,0,0,0,0,0,0,0,0.0,0.0
Jack Stephens,eng ENG,DF,Southampton,30,1994,10,10,793,0,0,0,0,0,2,2,0.3,0.1
Raheem Sterling,eng ENG,"FW,MF",Arsenal,30,1994,8,3,217,0,1,1,0,0,1,0,0.9,0.2
Ross Stewart,sct SCO,"FW,MF",Southampton,28,1996,4,1,132,0,0,0,0,0,1,0,0.1,0.0
Jakub Stolarczyk,pl POL,GK,Leicester City,24,2000,5,5,450,0,0,0,0,0,0,0,0.0,0.0
John Stones,eng ENG,"DF,MF",Manchester City,30,1994,8,4,331,2,0,2,2,0,1,0,0.4,0.1
Jørgen Strand Larsen,no NOR,FW,Wolves,24,2000,21,20,1712,7,2,9,7,0,2,0,6.0,1.6
Yukinari Sugawara,jp JPN,DF,Southampton,24,2000,19,13,1125,1,1,2,1,0,3,0,0.4,2.2
Kamaldeen Sulemana,gh GHA,"FW,MF",Southampton,22,2002,11,3,285,0,0,0,0,0,0,0,0.4,0.0
Crysencio Summerville,nl NED,"FW,MF",West Ham,23,2001,19,7,786,1,1,2,1,0,2,0,1.6,1.7
Sammie Szmodics,ie IRL,"FW,MF",Ipswich Town,29,1995,18,13,978,4,0,4,4,0,2,0,3.4,0.2
Dominik Szoboszlai,hu HUN,MF,Liverpool,24,2000,19,14,1301,2,2,4,2,0,6,0,4.7,3.0
Matt Targett,eng ENG,DF,Newcastle Utd,29,1995,1,0,12,0,0,0,0,0,0,0,0.0,0.0
James Tarkowski,eng ENG,DF,Everton,32,1992,21,21,1881,0,0,0,0,0,4,0,1.0,1.9
Marcus Tavernier,eng ENG,"FW,MF",Bournemouth,25,1999,15,13,1140,1,4,5,1,0,2,0,4.1,2.6
Charlie Taylor,eng ENG,DF,Southampton,31,1993,7,2,266,0,0,0,0,0,1,0,0.0,0.1
Jack Taylor,ie IRL,MF,Ipswich Town,26,1998,17,1,404,1,0,1,1,0,3,0,0.5,0.5
Kenny Tete,nl NED,DF,Fulham,29,1995,15,15,1262,0,2,2,0,0,3,0,1.0,0.7
Thiago,br BRA,FW,Brentford,23,2001,4,1,132,0,0,0,0,0,0,0,0.1,0.1
Luke Thomas,eng ENG,DF,Leicester City,23,2001,2,2,179,0,0,0,0,0,0,0,0.0,0.1
Youri Tielemans,be BEL,MF,Aston Villa,27,1997,22,22,1861,1,4,5,1,0,3,0,2.1,4.3
Kieran Tierney,sct SCO,"FW,DF",Arsenal,27,1997,1,0,14,0,0,0,0,0,0,0,0.0,0.3
Jurriën Timber,nl NED,DF,Arsenal,23,2001,19,18,1575,1,1,2,1,0,5,0,0.7,0.7
Jean-Clair Todibo,fr FRA,DF,West Ham,25,1999,15,8,866,0,0,0,0,0,0,0,0.1,0.0
Harry Toffolo,eng ENG,DF,Nott'ham Forest,29,1995,3,0,47,0,0,0,0,0,0,0,0.0,0.0
Takehiro Tomiyasu,jp JPN,DF,Arsenal,26,1998,1,0,7,0,0,0,0,0,0,0,0.2,0.0
Sandro Tonali,it ITA,MF,Newcastle Utd,24,2000,20,13,1281,0,1,1,0,0,4,0,2.5,0.6
Pau Torres,es ESP,DF,Aston Villa,28,1997,18,18,1549,0,0,0,0,0,1,0,0.5,0.0
Conor Townsend,eng ENG,MF,Ipswich Town,31,1993,1,0,1,0,0,0,0,0,0,0,0.0,0.0
Adama Traoré,es ESP,"FW,MF",Fulham,28,1996,21,11,1009,2,3,5,2,0,2,0,3.3,3.0
Mark Travers,ie IRL,GK,Bournemouth,25,1999,5,5,450,0,0,0,0,0,0,0,0.0,0.0
Ryan Trevitt,eng ENG,MF,Brentford,21,2003,1,0,4,0,0,0,0,0,0,0,0.0,0.0
Kieran Trippier,eng ENG,DF,Newcastle Utd,34,1990,13,5,514,0,0,0,0,0,1,0,0.0,0.2
Leandro Trossard,be BEL,FW,Arsenal,30,1994,22,14,1276,4,4,8,4,0,3,1,3.7,3.7
Kostas Tsimikas,gr GRE,DF,Liverpool,28,1996,10,3,343,0,1,1,0,0,1,0,0.1,1.0
Axel Tuanzebe,cd COD,DF,Ipswich Town,27,1997,10,9,797,0,0,0,0,0,3,0,0.2,0.2
Destiny Udogie,it ITA,DF,Tottenham,22,2002,18,18,1430,0,1,1,0,0,2,0,0.3,1.3
Manuel Ugarte Ribeiro,uy URU,MF,Manchester Utd,23,2001,16,11,918,0,0,0,0,0,6,0,0.3,0.5
Lesley Ugochukwu,fr FRA,MF,Southampton,20,2004,12,5,587,0,1,1,0,0,3,0,0.3,0.5
Enes Ünal,tr TUR,"FW,MF",Bournemouth,27,1997,17,2,345,2,1,3,2,0,2,0,2.7,0.4
Virgil van Dijk,nl NED,DF,Liverpool,33,1991,21,21,1890,1,1,2,1,0,1,0,1.5,0.4
Jamie Vardy,eng ENG,FW,Leicester City,38,1987,20,20,1641,6,3,9,5,1,4,0,7.3,2.4
Renato Veiga,pt POR,"DF,MF",Chelsea,21,2003,7,1,181,0,0,0,0,0,2,0,0.2,0.0
Joël Veltman,nl NED,DF,Brighton,33,1992,16,16,1380,0,0,0,0,0,4,0,0.1,0.4
Micky van de Ven,nl NED,DF,Tottenham,23,2001,9,9,788,0,2,2,0,0,4,0,0.4,1.2
Bart Verbruggen,nl NED,GK,Brighton,22,2002,20,20,1800,0,0,0,0,0,2,0,0.0,0.0
Jannik Vestergaard,dk DEN,DF,Leicester City,32,1992,14,13,1111,0,0,0,0,0,5,0,0.0,0.0
Guglielmo Vicario,it ITA,GK,Tottenham,28,1996,12,12,1080,0,0,0,0,0,1,0,0.0,0.0
Carlos Vinícius,br BRA,MF,Fulham,29,1995,1,0,4,0,0,0,0,0,0,0,0.0,0.0
Kyle Walker,eng ENG,DF,Manchester City,34,1990,15,9,970,0,0,0,0,0,3,0,0.1,0.4
Kyle Walker-Peters,eng ENG,DF,Southampton,27,1997,20,20,1780,0,2,2,0,0,5,0,0.5,2.4
Christian Walton,eng ENG,GK,Ipswich Town,29,1995,5,5,450,0,0,0,0,0,0,0,0.0,0.0
Aaron Wan-Bissaka,eng ENG,DF,West Ham,27,1997,21,20,1804,2,1,3,2,0,1,0,1.0,1.3
Danny Ward,wls WAL,GK,Leicester City,31,1993,2,1,135,0,0,0,0,0,0,0,0.0,0.0
James Ward-Prowse,eng ENG,MF,West Ham,30,1994,1,0,18,0,0,0,0,0,0,0,0.0,0.0
James Ward-Prowse,eng ENG,MF,Nott'ham Forest,30,1994,9,5,400,0,1,1,0,0,2,1,0.1,1.1
Ollie Watkins,eng ENG,FW,Aston Villa,29,1995,22,18,1531,10,4,14,8,2,0,0,11.4,2.2
Adam Webster,eng ENG,DF,Brighton,30,1995,5,3,166,0,0,0,0,0,0,0,0.0,0.0
Danny Welbeck,eng ENG,FW,Brighton,34,1990,16,14,1193,6,2,8,6,0,1,0,5.8,0.5
Timo Werner,de GER,"FW,MF",Tottenham,28,1996,17,4,507,0,3,3,0,0,0,0,1.0,2.5
Adam Wharton,eng ENG,MF,Crystal Palace,20,2004,8,8,622,0,0,0,0,0,0,0,0.2,0.6
Ben White,eng ENG,DF,Arsenal,27,1997,9,7,695,0,1,1,0,0,2,0,0.1,0.4
Mats Wieffer,nl NED,MF,Brighton,25,1999,13,4,471,1,1,2,1,0,2,0,0.5,0.6
Neco Williams,wls WAL,DF,Nott'ham Forest,23,2001,19,12,1178,0,1,1,0,0,4,0,1.0,0.6
Joe Willock,eng ENG,"MF,FW",Newcastle Utd,25,1999,19,6,586,0,1,1,0,0,2,0,0.8,1.3
Callum Wilson,eng ENG,"FW,MF",Newcastle Utd,32,1992,4,0,61,0,0,0,0,0,1,0,0.0,0.0
Harry Wilson,wls WAL,"FW,MF",Fulham,27,1997,18,7,787,5,1,6,5,0,2,0,3.2,1.0
Harry Winks,eng ENG,MF,Leicester City,28,1996,17,15,1276,0,2,2,0,0,3,0,0.2,1.1
Ben Winterburn,eng ENG,MF,Bournemouth,20,2004,2,0,10,0,0,0,0,0,0,0,0.0,0.0
Yoane Wissa,cd COD,FW,Brentford,28,1996,19,18,1481,11,2,13,11,0,2,0,10.2,1.3
Chris Wood,nz NZL,FW,Nott'ham Forest,33,1991,22,21,1744,14,2,16,12,2,1,0,8.1,1.5
Nathan Wood-Gordon,eng ENG,DF,Southampton,22,2002,8,6,579,0,0,0,0,0,2,0,0.2,0.0
Luke Woolfenden,eng ENG,DF,Ipswich Town,26,1998,9,8,737,0,0,0,0,0,2,0,0.0,0.0
Yehor Yarmoliuk,ua UKR,MF,Brentford,20,2004,17,6,618,0,0,0,0,0,2,0,0.5,0.2
Ryan Yates,eng ENG,MF,Nott'ham Forest,27,1997,21,14,1412,1,0,1,1,0,6,0,1.7,0.7
Leny Yoro,fr FRA,DF,Manchester Utd,19,2005,9,4,422,0,0,0,0,0,2,0,0.7,0.0
Ashley Young,eng ENG,DF,Everton,39,1985,18,17,1459,1,3,4,1,0,5,1,0.2,1.4
Illia Zabarnyi,ua UKR,DF,Bournemouth,22,2002,22,22,1980,0,0,0,0,0,2,0,0.8,0.5
Oleksandr Zinchenko,ua UKR,"DF,MF",Arsenal,28,1996,8,2,243,0,0,0,0,0,1,0,0.1,0.0
Joshua Zirkzee,nl NED,"FW,MF",Manchester Utd,23,2001,22,8,831,3,1,4,3,0,1,0,3.2,1.4
Martin Ødegaard,no NOR,MF,Arsenal,26,1998,15,14,1200,1,3,4,0,1,1,0,2.9,2.4
