Player,Nation,Pos,Squad,Age,Born,MP,Starts,Min,90s,Gls,Ast,G+A,G-PK,PK,PKatt,CrdY,CrdR,xG,npxG,xAG,npxG+xAG,PrgC,PrgP,PrgR,Gls,Ast,G+A,G-PK,G+A-PK,xG,xAG,xG+xAG,npxG,npxG+xAG
Max Aarons,eng ENG,DF,Bournemouth,24-363,2000,3,1,86,1.0,0,0,0,0,0,0,0,0,0.0,0.0,0.0,0.0,1,8,3,0.00,0.00,0.00,0.00,0.00,0.00,0.00,0.00,0.00,0.00
Tyler Adams,us USA,MF,Bournemouth,25-322,1999,9,5,485,5.4,0,0,0,0,0,0,2,0,1.1,1.1,0.4,1.5,3,22,0,0.00,0.00,0.00,0.00,0.00,0.20,0.08,0.28,0.20,0.28
Tosin Adarabioyo,eng ENG,DF,Chelsea,27-099,1997,9,7,623,6.9,0,0,0,0,0,0,1,0,0.3,0.3,0.0,0.3,0,18,1,0.00,0.00,0.00,0.00,0.00,0.04,0.00,0.05,0.04,0.05
Simon Adingra,ci CIV,"FW,MF",Brighton,23-000,2002,13,4,430,4.8,2,1,3,2,0,0,0,0,0.9,0.9,0.7,1.6,17,7,66,0.42,0.21,0.63,0.42,0.63,0.19,0.14,0.34,0.19,0.34
Asher Agbinone,eng ENG,MF,Crystal Palace,19-095,2005,2,0,6,0.1,0,0,0,0,0,0,0,0,0.0,0.0,0.0,0.1,2,0,1,0.00,0.00,0.00,0.00,0.00,0.29,0.50,0.79,0.29,0.79
Ola Aina,ng NGA,DF,Nott'ham Forest,28-085,1996,19,19,1643,18.3,2,0,2,2,0,0,2,0,0.6,0.6,0.5,1.1,38,65,33,0.11,0.00,0.11,0.11,0.11,0.03,0.03,0.06,0.03,0.06
Rayan Aït-Nouri,dz ALG,DF,Wolves,23-209,2001,18,18,1542,17.1,3,5,8,3,0,0,6,1,1.5,1.5,1.8,3.3,37,62,83,0.18,0.29,0.47,0.18,0.47,0.09,0.11,0.19,0.09,0.19
Kristoffer Ajer,no NOR,DF,Brentford,26-259,1998,10,9,717,8.0,0,0,0,0,0,0,3,0,0.5,0.5,0.7,1.2,15,27,16,0.00,0.00,0.00,0.00,0.00,0.06,0.09,0.15,0.06,0.15
Manuel Akanji,ch SUI,DF,Manchester City,29-166,1995,15,15,1276,14.2,0,0,0,0,0,0,3,0,0.3,0.3,0.3,0.6,30,112,6,0.00,0.00,0.00,0.00,0.00,0.02,0.02,0.04,0.02,0.04
Nathan Aké,nl NED,DF,Manchester City,29-318,1995,7,5,452,5.0,0,0,0,0,0,0,0,0,0.2,0.2,0.0,0.2,10,38,2,0.00,0.00,0.00,0.00,0.00,0.04,0.00,0.04,0.04,0.04
Carlos Alcaraz,ar ARG,MF,Southampton,22-032,2002,1,0,10,0.1,0,0,0,0,0,0,0,0,0.1,0.1,0.1,0.2,4,6,1,0.00,0.00,0.00,0.00,0.00,0.62,0.86,1.48,0.62,1.48
Trent Alexander-Arnold,eng ENG,DF,Liverpool,26-086,1998,17,16,1310,14.6,1,4,5,1,0,0,3,0,0.7,0.7,5.3,5.9,33,107,52,0.07,0.27,0.34,0.07,0.34,0.05,0.36,0.41,0.05,0.41
Alisson,br BRA,GK,Liverpool,32-091,1992,10,10,888,9.9,0,0,0,0,0,0,0,0,0.0,0.0,0.6,0.6,0,0,0,0.00,0.00,0.00,0.00,0.00,0.00,0.06,0.06,0.00,0.06
Miguel Almirón,py PAR,FW,Newcastle Utd,30-326,1994,7,1,141,1.6,0,0,0,0,0,0,0,0,0.5,0.5,0.2,0.6,2,6,16,0.00,0.00,0.00,0.00,0.00,0.30,0.11,0.41,0.30,0.41
Edson Álvarez,mx MEX,MF,West Ham,27-069,1997,15,10,883,9.8,0,0,0,0,0,0,6,1,0.2,0.2,0.5,0.7,11,43,9,0.00,0.00,0.00,0.00,0.00,0.02,0.05,0.07,0.02,0.07
Will Alves,eng ENG,FW,Leicester City,19-333,2005,1,0,1,0.0,0,0,0,0,0,0,0,0,0.0,0.0,0.0,0.0,0,0,1,0.00,0.00,0.00,0.00,0.00,0.00,0.00,0.00,0.00,0.00
Samuel Amo-Ameyaw,eng ENG,"FW,DF",Southampton,18-167,2006,2,0,28,0.3,0,0,0,0,0,0,1,0,0.0,0.0,0.1,0.1,1,0,3,0.00,0.00,0.00,0.00,0.00,0.07,0.22,0.29,0.07,0.29
Joachim Andersen,dk DEN,DF,Crystal Palace,28-215,1996,1,1,90,1.0,0,0,0,0,0,0,1,0,0.0,0.0,0.0,0.0,1,4,1,0.00,0.00,0.00,0.00,0.00,0.04,0.00,0.04,0.04,0.04
Joachim Andersen,dk DEN,DF,Fulham,28-215,1996,10,10,873,9.7,0,0,0,0,0,0,2,1,0.2,0.2,0.2,0.5,5,39,1,0.00,0.00,0.00,0.00,0.00,0.03,0.02,0.05,0.03,0.05
Elliot Anderson,eng ENG,"MF,FW",Nott'ham Forest,22-056,2002,18,14,1132,12.6,0,5,5,0,0,0,4,0,1.0,1.0,2.8,3.7,26,58,51,0.00,0.40,0.40,0.00,0.40,0.08,0.22,0.29,0.08,0.29
André,br BRA,MF,Wolves,23-169,2001,15,13,978,10.9,0,0,0,0,0,0,2,0,0.1,0.1,0.2,0.3,5,40,4,0.00,0.00,0.00,0.00,0.00,0.01,0.02,0.03,0.01,0.03
Michail Antonio,jm JAM,FW,West Ham,34-279,1990,14,11,836,9.3,1,1,2,1,0,0,1,0,2.2,2.2,1.6,3.8,29,18,59,0.11,0.11,0.22,0.11,0.22,0.24,0.17,0.41,0.24,0.41
Antony,br BRA,"FW,DF",Manchester Utd,24-312,2000,6,0,89,1.0,0,0,0,0,0,0,0,0,0.3,0.3,0.1,0.3,3,4,2,0.00,0.00,0.00,0.00,0.00,0.26,0.08,0.34,0.26,0.34
Julian Araujo,mx MEX,DF,Bournemouth,23-141,2001,8,5,355,3.9,0,0,0,0,0,0,1,0,0.0,0.0,0.0,0.0,2,14,11,0.00,0.00,0.00,0.00,0.00,0.00,0.00,0.00,0.00,0.00
Cameron Archer,eng ENG,FW,Southampton,23-164,2001,18,9,923,10.3,2,0,2,2,0,1,0,0,4.4,3.6,0.2,3.8,13,9,41,0.20,0.00,0.20,0.20,0.20,0.43,0.02,0.45,0.35,0.37
Alphonse Areola,fr FRA,GK,West Ham,31-309,1993,10,9,820,9.1,0,0,0,0,0,0,0,0,0.0,0.0,0.0,0.0,0,0,0,0.00,0.00,0.00,0.00,0.00,0.00,0.00,0.00,0.00,0.00
Joe Aribo,ng NGA,MF,Southampton,28-164,1996,18,10,1039,11.5,2,0,2,2,0,0,0,0,2.2,2.2,1.2,3.4,22,34,40,0.17,0.00,0.17,0.17,0.17,0.19,0.11,0.30,0.19,0.30
Adam Armstrong,eng ENG,"FW,MF",Southampton,27-326,1997,16,13,1078,12.0,2,2,4,2,0,1,4,0,3.2,2.3,1.1,3.4,18,19,71,0.17,0.17,0.33,0.17,0.33,0.27,0.10,0.36,0.19,0.28
Harrison Armstrong,eng ENG,MF,Everton,17-348,2007,2,0,3,0.0,0,0,0,0,0,0,1,0,0.0,0.0,0.0,0.0,0,0,0,0.00,0.00,0.00,0.00,0.00,0.00,0.00,0.00,0.00,0.00
Kepa Arrizabalaga,es ESP,GK,Bournemouth,30-090,1994,14,14,1260,14.0,0,0,0,0,0,0,2,0,0.0,0.0,0.0,0.0,0,0,0,0.00,0.00,0.00,0.00,0.00,0.00,0.00,0.00,0.00,0.00
Taiwo Awoniyi,ng NGA,FW,Nott'ham Forest,27-142,1997,14,2,224,2.5,0,0,0,0,0,0,0,0,0.6,0.6,0.1,0.7,4,4,10,0.00,0.00,0.00,0.00,0.00,0.24,0.03,0.27,0.24,0.27
Yasin Ayari,se SWE,MF,Brighton,21-087,2003,16,10,924,10.3,0,0,0,0,0,0,3,0,1.2,1.2,1.1,2.3,14,35,39,0.00,0.00,0.00,0.00,0.00,0.12,0.10,0.22,0.12,0.22
Jordan Ayew,gh GHA,"FW,MF",Crystal Palace,33-112,1991,1,0,21,0.2,0,0,0,0,0,0,1,0,0.5,0.5,0.0,0.5,0,0,1,0.00,0.00,0.00,0.00,0.00,1.96,0.21,2.17,1.96,2.17
Jordan Ayew,gh GHA,"FW,MF",Leicester City,33-112,1991,16,9,831,9.2,4,0,4,3,1,1,4,0,2.4,1.6,0.2,1.8,16,16,42,0.43,0.00,0.43,0.32,0.32,0.26,0.02,0.28,0.17,0.20
Benoît Badiashile,fr FRA,DF,Chelsea,23-281,2001,4,2,249,2.8,0,0,0,0,0,0,0,0,0.0,0.0,0.0,0.0,3,16,2,0.00,0.00,0.00,0.00,0.00,0.00,0.00,0.00,0.00,0.00
Leon Bailey,jm JAM,"FW,MF",Aston Villa,27-145,1997,16,11,829,9.2,0,2,2,0,0,0,2,0,1.0,1.0,1.4,2.4,41,27,79,0.00,0.22,0.22,0.00,0.22,0.11,0.15,0.26,0.11,0.26
Carlos Baleba,cm CMR,MF,Brighton,20-364,2004,16,14,1162,12.9,2,1,3,2,0,0,5,1,1.1,1.1,0.6,1.8,22,65,13,0.15,0.08,0.23,0.15,0.23,0.09,0.05,0.14,0.09,0.14
Ross Barkley,eng ENG,MF,Aston Villa,31-027,1993,15,2,479,5.3,2,1,3,2,0,0,3,0,1.5,1.5,0.6,2.1,11,31,8,0.38,0.19,0.56,0.38,0.56,0.29,0.11,0.40,0.29,0.40
Harvey Barnes,eng ENG,FW,Newcastle Utd,27-023,1997,19,6,769,8.5,5,1,6,5,0,0,0,0,2.8,2.8,2.4,5.2,40,39,81,0.59,0.12,0.70,0.59,0.70,0.33,0.28,0.61,0.33,0.61
Calvin Bassey,ng NGA,DF,Fulham,25-001,1999,18,18,1620,18.0,0,0,0,0,0,0,5,0,0.4,0.4,0.1,0.4,13,56,8,0.00,0.00,0.00,0.00,0.00,0.02,0.00,0.02,0.02,0.02
Jan Bednarek,pl POL,DF,Southampton,28-264,1996,15,15,1340,14.9,0,0,0,0,0,0,4,0,0.0,0.0,0.4,0.5,4,36,1,0.00,0.00,0.00,0.00,0.00,0.00,0.03,0.03,0.00,0.03
Jean-Ricner Bellegarde,fr FRA,"MF,FW",Wolves,26-188,1998,17,10,773,8.6,1,2,3,1,0,0,3,0,0.6,0.6,0.6,1.1,19,13,38,0.12,0.23,0.35,0.12,0.35,0.07,0.06,0.13,0.07,0.13
Rodrigo Bentancur,uy URU,MF,Tottenham,27-190,1997,12,9,688,7.6,2,0,2,2,0,0,5,0,0.8,0.8,0.1,0.9,7,51,8,0.26,0.00,0.26,0.26,0.26,0.10,0.02,0.12,0.10,0.12
Sander Berge,no NOR,MF,Fulham,26-322,1998,14,10,957,10.6,0,0,0,0,0,0,2,0,0.1,0.1,0.4,0.5,7,45,1,0.00,0.00,0.00,0.00,0.00,0.01,0.04,0.05,0.01,0.05
Lucas Bergvall,se SWE,MF,Tottenham,18-334,2006,12,1,231,2.6,0,0,0,0,0,0,2,0,0.1,0.1,0.2,0.3,7,16,9,0.00,0.00,0.00,0.00,0.00,0.03,0.09,0.12,0.03,0.12
Victor Bernth Kristiansen,dk DEN,DF,Leicester City,22-016,2002,17,17,1487,16.5,0,1,1,0,0,0,1,0,0.0,0.0,1.0,1.0,24,41,42,0.00,0.06,0.06,0.00,0.06,0.00,0.06,0.06,0.00,0.06
Beto,gw GNB,FW,Everton,26-336,1998,11,1,221,2.5,1,0,1,1,0,0,1,0,1.7,1.7,0.0,1.7,3,1,14,0.41,0.00,0.41,0.41,0.41,0.67,0.00,0.67,0.67,0.67
Philip Billing,dk DEN,MF,Bournemouth,28-204,1996,9,1,175,1.9,0,0,0,0,0,0,1,0,0.6,0.6,1.0,1.6,3,15,13,0.00,0.00,0.00,0.00,0.00,0.29,0.54,0.83,0.29,0.83
Yves Bissouma,ml MLI,MF,Tottenham,28-124,1996,15,10,895,9.9,2,0,2,2,0,0,5,0,0.4,0.4,0.2,0.6,12,60,2,0.20,0.00,0.20,0.20,0.20,0.04,0.02,0.06,0.04,0.06
Lamare Bogarde,nl NED,DF,Aston Villa,20-362,2004,3,3,213,2.4,0,0,0,0,0,0,1,0,0.0,0.0,0.1,0.1,7,8,7,0.00,0.00,0.00,0.00,0.00,0.00,0.03,0.03,0.00,0.03
Willy Boly,ci CIV,DF,Nott'ham Forest,33-333,1991,4,1,114,1.3,0,0,0,0,0,0,1,0,0.1,0.1,0.0,0.1,0,2,0,0.00,0.00,0.00,0.00,0.00,0.06,0.00,0.06,0.06,0.06
Jarrod Bowen,eng ENG,"FW,MF",West Ham,28-012,1996,19,19,1655,18.4,5,4,9,4,1,1,1,0,4.7,3.9,4.1,8.0,67,62,112,0.27,0.22,0.49,0.22,0.44,0.25,0.22,0.48,0.21,0.44
Conor Bradley,nir NIR,DF,Liverpool,21-176,2003,7,1,236,2.6,0,0,0,0,0,0,1,0,0.4,0.4,0.0,0.4,10,10,15,0.00,0.00,0.00,0.00,0.00,0.15,0.00,0.15,0.15,0.15
Jarrad Branthwaite,eng ENG,DF,Everton,22-188,2002,11,9,818,9.1,0,0,0,0,0,0,2,0,0.2,0.2,0.0,0.2,4,22,1,0.00,0.00,0.00,0.00,0.00,0.02,0.00,0.02,0.02,0.02
James Bree,eng ENG,DF,Southampton,27-082,1997,6,3,268,3.0,0,0,0,0,0,0,0,0,0.0,0.0,0.3,0.4,4,10,15,0.00,0.00,0.00,0.00,0.00,0.01,0.11,0.13,0.01,0.13
Ben Brereton,cl CHI,FW,Southampton,25-258,1999,10,4,449,5.0,0,0,0,0,0,0,1,0,0.9,0.9,0.1,1.0,12,9,42,0.00,0.00,0.00,0.00,0.00,0.18,0.02,0.20,0.18,0.20
Nathan Broadhead,wls WAL,"MF,FW",Ipswich Town,26-271,1998,5,1,137,1.5,0,0,0,0,0,0,0,0,0.5,0.5,0.1,0.6,5,3,8,0.00,0.00,0.00,0.00,0.00,0.36,0.05,0.41,0.36,0.41
Armando Broja,al ALB,FW,Everton,23-113,2001,4,1,128,1.4,0,0,0,0,0,0,1,0,0.1,0.1,0.1,0.2,7,2,13,0.00,0.00,0.00,0.00,0.00,0.05,0.08,0.13,0.05,0.13
David Brooks,wls WAL,"FW,MF",Bournemouth,27-177,1997,12,2,244,2.7,1,0,1,1,0,0,1,0,1.0,1.0,0.7,1.6,8,10,42,0.37,0.00,0.37,0.37,0.37,0.35,0.26,0.61,0.35,0.61
Emi Buendía,ar ARG,"MF,FW",Aston Villa,28-007,1996,9,0,55,0.6,0,0,0,0,0,0,1,0,0.1,0.1,0.0,0.1,2,5,5,0.00,0.00,0.00,0.00,0.00,0.14,0.03,0.17,0.14,0.17
Santiago Bueno,uy URU,DF,Wolves,26-053,1998,12,11,971,10.8,0,0,0,0,0,0,0,0,0.3,0.3,0.0,0.3,1,16,1,0.00,0.00,0.00,0.00,0.00,0.03,0.00,0.03,0.03,0.03
Facundo Buonanotte,ar ARG,"MF,FW",Leicester City,20-009,2004,16,11,1039,11.5,4,2,6,4,0,0,5,0,3.2,3.2,2.7,5.9,30,37,47,0.35,0.17,0.52,0.35,0.52,0.28,0.23,0.51,0.28,0.51
Cameron Burgess,au AUS,DF,Ipswich Town,29-072,1995,9,9,810,9.0,0,1,1,0,0,0,0,0,0.6,0.6,0.3,0.9,2,25,3,0.00,0.11,0.11,0.00,0.11,0.07,0.04,0.10,0.07,0.10
Dan Burn,eng ENG,DF,Newcastle Utd,32-237,1992,18,18,1620,18.0,0,0,0,0,0,0,5,0,0.7,0.7,0.2,0.9,2,28,3,0.00,0.00,0.00,0.00,0.00,0.04,0.01,0.05,0.04,0.05
Wes Burns,wls WAL,"FW,DF",Ipswich Town,30-039,1994,15,10,817,9.1,0,1,1,0,0,0,1,0,0.4,0.4,1.6,2.0,33,6,61,0.00,0.11,0.11,0.00,0.11,0.04,0.17,0.21,0.04,0.21
Moisés Caicedo,ec ECU,MF,Chelsea,23-060,2001,19,19,1685,18.7,1,2,3,1,0,0,4,0,0.5,0.5,2.0,2.5,17,106,23,0.05,0.11,0.16,0.05,0.16,0.03,0.11,0.13,0.03,0.13
Tom Cairney,sct SCO,MF,Fulham,33-347,1991,13,1,294,3.3,1,0,1,1,0,0,2,1,0.1,0.1,0.5,0.6,7,37,14,0.31,0.00,0.31,0.31,0.31,0.02,0.16,0.18,0.02,0.18
Jens Cajuste,se SWE,MF,Ipswich Town,25-144,1999,13,10,761,8.5,0,0,0,0,0,0,2,0,0.1,0.1,0.2,0.3,15,21,6,0.00,0.00,0.00,0.00,0.00,0.01,0.03,0.04,0.01,0.04
Riccardo Calafiori,it ITA,DF,Arsenal,22-227,2002,9,6,540,6.0,1,1,2,1,0,0,1,0,0.5,0.5,0.1,0.7,8,24,13,0.17,0.17,0.33,0.17,0.33,0.09,0.02,0.12,0.09,0.12
Dominic Calvert-Lewin,eng ENG,FW,Everton,27-291,1997,18,16,1323,14.7,2,1,3,2,0,0,1,0,4.7,4.7,0.4,5.1,19,13,89,0.14,0.07,0.20,0.14,0.20,0.32,0.03,0.35,0.32,0.35
Diego Carlos,br BRA,DF,Aston Villa,31-292,1993,10,8,830,9.2,0,0,0,0,0,0,1,0,0.6,0.6,0.0,0.6,3,34,0,0.00,0.00,0.00,0.00,0.00,0.07,0.00,0.07,0.07,0.07
Fabio Carvalho,pt POR,"FW,MF",Brentford,22-124,2002,16,3,428,4.8,1,1,2,1,0,0,1,0,2.1,2.1,0.5,2.7,8,16,21,0.21,0.21,0.42,0.21,0.42,0.45,0.11,0.56,0.45,0.56
Casemiro,br BRA,MF,Manchester Utd,32-313,1992,14,10,837,9.3,1,0,1,1,0,0,1,0,1.1,1.1,2.1,3.2,3,44,19,0.11,0.00,0.11,0.11,0.11,0.12,0.23,0.34,0.12,0.34
Kaelan Casey,eng ENG,DF,West Ham,20-065,2004,1,0,1,0.0,0,0,0,0,0,0,0,0,0.0,0.0,0.0,0.0,0,0,0,0.00,0.00,0.00,0.00,0.00,0.00,0.00,0.00,0.00,0.00
Matty Cash,pl POL,"DF,FW",Aston Villa,27-147,1997,12,11,898,10.0,1,0,1,1,0,0,5,0,0.2,0.2,0.2,0.4,18,19,28,0.10,0.00,0.10,0.10,0.10,0.02,0.02,0.04,0.02,0.04
Timothy Castagne,be BEL,DF,Fulham,29-027,1995,9,4,453,5.0,0,1,1,0,0,0,0,0,0.1,0.1,1.0,1.1,7,15,21,0.00,0.20,0.20,0.00,0.20,0.02,0.19,0.22,0.02,0.22
Trevoh Chalobah,eng ENG,DF,Crystal Palace,25-180,1999,12,12,1060,11.8,3,0,3,3,0,0,1,0,1.2,1.2,0.4,1.6,11,34,6,0.25,0.00,0.25,0.25,0.25,0.10,0.03,0.14,0.10,0.14
Conor Chaplin,eng ENG,"MF,FW",Ipswich Town,27-320,1997,15,7,614,6.8,1,1,2,1,0,0,1,0,1.2,1.2,0.6,1.8,10,25,20,0.15,0.15,0.29,0.15,0.29,0.17,0.09,0.26,0.17,0.26
Federico Chiesa,it ITA,FW,Liverpool,27-068,1997,1,0,19,0.2,0,0,0,0,0,0,0,0,0.2,0.2,0.0,0.2,1,0,2,0.00,0.00,0.00,0.00,0.00,0.76,0.00,0.76,0.76,0.76
Chiquinho,pt POR,MF,Wolves,24-331,2000,1,0,7,0.1,0,0,0,0,0,0,0,0,0.0,0.0,0.0,0.0,0,0,0,0.00,0.00,0.00,0.00,0.00,0.00,0.42,0.42,0.00,0.42
Hamza Choudhury,eng ENG,"MF,DF",Leicester City,27-092,1997,4,1,132,1.5,0,0,0,0,0,0,0,0,0.0,0.0,0.4,0.4,4,3,6,0.00,0.00,0.00,0.00,0.00,0.00,0.27,0.27,0.00,0.27
Ryan Christie,sct SCO,MF,Bournemouth,29-314,1995,18,16,1314,14.6,1,1,2,1,0,0,6,0,0.9,0.9,1.8,2.7,21,92,34,0.07,0.07,0.14,0.07,0.14,0.06,0.13,0.19,0.06,0.19
Harry Clarke,eng ENG,DF,Ipswich Town,23-305,2001,7,4,379,4.2,0,0,0,0,0,0,3,1,0.1,0.1,0.0,0.1,5,14,2,0.00,0.00,0.00,0.00,0.00,0.02,0.01,0.03,0.02,0.03
Jack Clarke,eng ENG,"FW,MF",Ipswich Town,24-039,2000,15,4,524,5.8,0,2,2,0,0,0,1,0,0.8,0.8,1.1,1.9,13,15,28,0.00,0.34,0.34,0.00,0.34,0.13,0.19,0.33,0.13,0.33
Nathaniel Clyne,eng ENG,"DF,MF",Crystal Palace,33-271,1991,8,4,382,4.2,0,0,0,0,0,0,1,0,0.0,0.0,0.1,0.1,5,6,7,0.00,0.00,0.00,0.00,0.00,0.00,0.03,0.03,0.00,0.03
Conor Coady,eng ENG,DF,Leicester City,31-311,1993,8,7,631,7.0,0,0,0,0,0,0,1,0,0.0,0.0,0.1,0.1,0,18,0,0.00,0.00,0.00,0.00,0.00,0.00,0.01,0.01,0.00,0.01
Séamus Coleman,ie IRL,DF,Everton,36-082,1988,3,2,196,2.2,0,0,0,0,0,0,1,0,0.6,0.6,0.0,0.6,1,8,2,0.00,0.00,0.00,0.00,0.00,0.26,0.00,0.26,0.26,0.26
Nathan Collins,ie IRL,DF,Brentford,23-246,2001,18,18,1620,18.0,2,1,3,2,0,0,2,0,2.1,2.1,1.3,3.4,14,70,9,0.11,0.06,0.17,0.11,0.17,0.12,0.07,0.19,0.12,0.19
Toby Collyer,eng ENG,MF,Manchester Utd,20-364,2004,1,0,45,0.5,0,0,0,0,0,0,0,0,0.0,0.0,0.1,0.1,0,2,2,0.00,0.00,0.00,0.00,0.00,0.00,0.15,0.15,0.00,0.15
Levi Colwill,eng ENG,DF,Chelsea,21-310,2003,18,18,1619,18.0,0,1,1,0,0,0,4,0,0.4,0.4,0.8,1.2,8,85,4,0.00,0.06,0.06,0.00,0.06,0.02,0.04,0.06,0.02,0.06
Lewis Cook,eng ENG,"MF,DF",Bournemouth,27-333,1997,18,16,1492,16.6,1,3,4,1,0,0,4,0,0.6,0.6,2.9,3.5,19,97,24,0.06,0.18,0.24,0.06,0.24,0.04,0.18,0.21,0.04,0.21
Maxwel Cornet,ci CIV,FW,Southampton,28-096,1996,2,1,72,0.8,0,0,0,0,0,0,1,0,0.2,0.2,0.0,0.2,1,0,5,0.00,0.00,0.00,0.00,0.00,0.20,0.00,0.20,0.20,0.20
Vladimír Coufal,cz CZE,DF,West Ham,32-132,1992,12,5,485,5.4,0,0,0,0,0,0,2,0,0.2,0.2,0.3,0.5,7,21,18,0.00,0.00,0.00,0.00,0.00,0.03,0.06,0.09,0.03,0.09
Aaron Cresswell,eng ENG,DF,West Ham,35-017,1989,6,0,55,0.6,0,0,0,0,0,0,1,0,0.0,0.0,0.1,0.2,1,3,1,0.00,0.00,0.00,0.00,0.00,0.06,0.23,0.29,0.06,0.29
Marc Cucurella,es ESP,DF,Chelsea,26-163,1998,17,15,1354,15.0,1,1,2,1,0,0,8,1,0.4,0.4,0.9,1.4,17,50,52,0.07,0.07,0.13,0.07,0.13,0.03,0.06,0.09,0.03,0.09
Jorge Cuenca,es ESP,DF,Fulham,25-045,1999,4,1,93,1.0,0,0,0,0,0,0,0,0,0.0,0.0,0.0,0.0,0,3,0,0.00,0.00,0.00,0.00,0.00,0.00,0.00,0.00,0.00,0.00
Matheus Cunha,br BRA,"MF,FW",Wolves,25-219,1999,19,18,1560,17.3,10,4,14,10,0,0,2,0,4.1,4.1,5.5,9.6,68,71,105,0.58,0.23,0.81,0.58,0.81,0.24,0.32,0.56,0.24,0.56
Patson Daka,zm ZAM,"FW,MF",Leicester City,26-084,1998,7,1,208,2.3,1,0,1,1,0,0,0,0,0.2,0.2,0.0,0.2,3,0,9,0.43,0.00,0.43,0.43,0.43,0.09,0.00,0.09,0.09,0.09
Diogo Dalot,pt POR,DF,Manchester Utd,25-289,1999,19,19,1676,18.6,0,1,1,0,0,0,3,0,1.2,1.2,1.3,2.5,28,62,85,0.00,0.05,0.05,0.00,0.05,0.07,0.07,0.14,0.07,0.14
Mikkel Damsgaard,dk DEN,"MF,FW",Brentford,24-182,2000,18,15,1280,14.2,2,4,6,2,0,0,1,0,1.7,1.7,4.3,6.0,33,103,57,0.14,0.28,0.42,0.14,0.42,0.12,0.30,0.42,0.12,0.42
Danilo,br BRA,MF,Nott'ham Forest,23-247,2001,1,1,14,0.2,0,0,0,0,0,0,0,0,0.0,0.0,0.0,0.0,0,0,0,0.00,0.00,0.00,0.00,0.00,0.00,0.00,0.00,0.00,0.00
Ben Davies,wls WAL,DF,Tottenham,31-252,1993,4,3,271,3.0,0,0,0,0,0,0,1,0,0.0,0.0,0.0,0.0,3,11,0,0.00,0.00,0.00,0.00,0.00,0.00,0.00,0.00,0.00,0.00
Leif Davis,eng ENG,DF,Ipswich Town,24-355,2000,19,19,1710,19.0,1,2,3,1,0,0,4,0,0.6,0.6,3.2,3.8,30,37,80,0.05,0.11,0.16,0.05,0.16,0.03,0.17,0.20,0.03,0.20
Craig Dawson,eng ENG,DF,Wolves,34-240,1990,15,10,972,10.8,0,0,0,0,0,0,2,0,0.5,0.5,0.0,0.5,6,20,5,0.00,0.00,0.00,0.00,0.00,0.05,0.00,0.05,0.05,0.05
Kevin De Bruyne,be BEL,MF,Manchester City,33-187,1991,12,8,733,8.1,2,2,4,2,0,0,2,0,2.1,2.1,4.0,6.1,22,81,81,0.25,0.25,0.49,0.25,0.49,0.26,0.48,0.75,0.26,0.75
Liam Delap,eng ENG,FW,Ipswich Town,21-328,2003,18,17,1354,15.0,7,2,9,6,1,1,5,0,5.4,4.6,1.5,6.1,28,16,57,0.47,0.13,0.60,0.40,0.53,0.36,0.10,0.46,0.31,0.40
Sepp van den Berg,nl NED,DF,Brentford,23-012,2001,14,13,1174,13.0,0,0,0,0,0,0,1,0,0.6,0.6,0.1,0.8,5,38,21,0.00,0.00,0.00,0.00,0.00,0.05,0.01,0.06,0.05,0.06
Justin Devenny,nir NIR,MF,Crystal Palace,21-082,2003,8,2,232,2.6,1,0,1,1,0,0,0,0,0.5,0.5,0.3,0.8,3,7,4,0.39,0.00,0.39,0.39,0.39,0.18,0.13,0.31,0.18,0.31
Kiernan Dewsbury-Hall,eng ENG,MF,Chelsea,26-117,1998,5,0,59,0.7,0,0,0,0,0,0,0,0,0.0,0.0,0.1,0.1,3,3,2,0.00,0.00,0.00,0.00,0.00,0.00,0.14,0.14,0.00,0.14
Amad Diallo,ci CIV,"FW,DF",Manchester Utd,22-174,2002,17,12,1144,12.7,2,6,8,2,0,0,2,0,2.4,2.4,2.8,5.1,69,42,113,0.16,0.47,0.63,0.16,0.63,0.18,0.22,0.40,0.18,0.40
Rúben Dias,pt POR,DF,Manchester City,27-232,1997,13,12,1087,12.1,0,0,0,0,0,0,3,0,1.1,1.1,0.3,1.3,18,75,5,0.00,0.00,0.00,0.00,0.00,0.09,0.02,0.11,0.09,0.11
Luis Díaz,co COL,FW,Liverpool,27-354,1997,17,12,1056,11.7,8,2,10,8,0,0,1,0,5.1,5.1,1.9,7.0,49,49,106,0.68,0.17,0.85,0.68,0.85,0.43,0.16,0.59,0.43,0.59
Tyler Dibling,eng ENG,"MF,FW",Southampton,18-295,2006,18,12,1078,12.0,2,0,2,2,0,0,5,0,1.9,1.9,1.2,3.1,45,37,60,0.17,0.00,0.17,0.17,0.17,0.15,0.10,0.26,0.15,0.26
Lucas Digne,fr FRA,DF,Aston Villa,31-165,1993,19,17,1427,15.9,0,2,2,0,0,0,3,0,0.6,0.6,3.2,3.8,16,28,96,0.00,0.13,0.13,0.00,0.13,0.04,0.20,0.24,0.04,0.24
Issa Diop,fr FRA,DF,Fulham,27-358,1997,14,11,1023,11.4,0,0,0,0,0,0,2,0,0.5,0.5,0.1,0.6,4,23,1,0.00,0.00,0.00,0.00,0.00,0.05,0.01,0.05,0.05,0.05
Axel Disasi,fr FRA,DF,Chelsea,26-296,1998,5,4,350,3.9,1,0,1,1,0,0,1,0,0.3,0.3,0.1,0.4,6,16,2,0.26,0.00,0.26,0.26,0.26,0.07,0.02,0.10,0.07,0.10
Roman Dixon,eng ENG,DF,Everton,20-006,2004,1,1,90,1.0,0,0,0,0,0,0,0,0,0.0,0.0,0.0,0.0,0,0,1,0.00,0.00,0.00,0.00,0.00,0.00,0.00,0.00,0.00,0.00
Matt Doherty,ie IRL,DF,Wolves,32-351,1992,12,8,714,7.9,1,1,2,1,0,0,2,0,0.6,0.6,1.3,1.9,10,27,28,0.13,0.13,0.25,0.13,0.25,0.08,0.16,0.24,0.08,0.24
Jeremy Doku,be BEL,"FW,MF",Manchester City,22-219,2002,14,8,699,7.8,2,3,5,2,0,0,0,0,0.7,0.7,1.5,2.2,93,29,132,0.26,0.39,0.64,0.26,0.64,0.09,0.19,0.28,0.09,0.28
Nicolás Domínguez,ar ARG,"MF,FW",Nott'ham Forest,26-187,1998,16,10,897,10.0,0,0,0,0,0,0,5,0,1.2,1.2,0.2,1.4,8,32,12,0.00,0.00,0.00,0.00,0.00,0.12,0.02,0.14,0.12,0.14
Alfie Dorrington,eng ENG,DF,Tottenham,19-256,2005,1,0,14,0.2,0,0,0,0,0,0,0,0,0.0,0.0,0.0,0.0,0,0,0,0.00,0.00,0.00,0.00,0.00,0.00,0.00,0.00,0.00,0.00
Abdoulaye Doucouré,ml MLI,MF,Everton,32-000,1993,16,15,1253,13.9,0,0,0,0,0,0,0,0,0.7,0.7,0.9,1.5,22,44,35,0.00,0.00,0.00,0.00,0.00,0.05,0.06,0.11,0.05,0.11
Cheick Doucouré,ml MLI,MF,Crystal Palace,24-359,2000,11,3,313,3.5,0,0,0,0,0,0,1,0,0.4,0.4,0.0,0.4,1,14,6,0.00,0.00,0.00,0.00,0.00,0.11,0.00,0.11,0.11,0.11
Flynn Downes,eng ENG,MF,Southampton,25-347,1999,16,16,1369,15.2,1,0,1,1,0,0,7,0,0.6,0.6,0.9,1.5,18,49,23,0.07,0.00,0.07,0.07,0.07,0.04,0.06,0.10,0.04,0.10
Tommy Doyle,eng ENG,MF,Wolves,23-076,2001,15,2,378,4.2,0,1,1,0,0,0,0,0,0.5,0.5,0.5,1.0,4,30,2,0.00,0.24,0.24,0.00,0.24,0.11,0.12,0.23,0.11,0.23
Radu Drăgușin,ro ROU,DF,Tottenham,22-333,2002,12,10,982,10.9,0,0,0,0,0,0,1,0,0.1,0.1,0.0,0.1,6,35,1,0.00,0.00,0.00,0.00,0.00,0.01,0.00,0.01,0.01,0.01
Martin Dúbravka,sk SVK,GK,Newcastle Utd,35-352,1989,4,4,360,4.0,0,0,0,0,0,0,0,0,0.0,0.0,0.0,0.0,0,0,0,0.00,0.00,0.00,0.00,0.00,0.00,0.00,0.00,0.00,0.00
Lewis Dunk,eng ENG,DF,Brighton,33-041,1991,15,14,1264,14.0,0,0,0,0,0,0,4,0,0.7,0.7,0.5,1.2,10,87,1,0.00,0.00,0.00,0.00,0.00,0.05,0.04,0.09,0.05,0.09
Jhon Durán,co COL,FW,Aston Villa,21-019,2003,18,4,602,6.7,7,0,7,7,0,0,3,1,4.8,4.8,0.2,5.0,7,13,38,1.05,0.00,1.05,1.05,1.05,0.71,0.03,0.74,0.71,0.74
Ederson,br BRA,GK,Manchester City,31-137,1993,13,13,1170,13.0,0,1,1,0,0,0,3,0,0.0,0.0,0.4,0.4,0,1,0,0.00,0.08,0.08,0.00,0.08,0.00,0.03,0.03,0.00,0.03
George Edmundson,eng ENG,DF,Ipswich Town,27-123,1997,1,0,2,0.0,0,0,0,0,0,0,0,0,0.0,0.0,0.0,0.0,0,0,0,0.00,0.00,0.00,0.00,0.00,0.00,0.00,0.00,0.00,0.00
Odsonne Édouard,fr FRA,"MF,FW",Crystal Palace,26-351,1998,2,1,115,1.3,0,0,0,0,0,0,0,0,0.4,0.4,0.0,0.4,2,4,7,0.00,0.00,0.00,0.00,0.00,0.31,0.04,0.34,0.31,0.34
Odsonne Édouard,fr FRA,FW,Leicester City,26-351,1998,4,0,29,0.3,0,0,0,0,0,0,0,0,0.0,0.0,0.0,0.0,0,1,2,0.00,0.00,0.00,0.00,0.00,0.00,0.13,0.13,0.00,0.13
Samuel Edozie,eng ENG,"DF,FW",Southampton,21-339,2003,2,0,65,0.7,0,0,0,0,0,0,1,0,0.0,0.0,0.1,0.1,6,4,23,0.00,0.00,0.00,0.00,0.00,0.00,0.14,0.14,0.00,0.14
Ronnie Edwards,eng ENG,DF,Southampton,21-279,2003,1,0,12,0.1,0,0,0,0,0,0,0,0,0.0,0.0,0.0,0.0,0,0,0,0.00,0.00,0.00,0.00,0.00,0.00,0.00,0.00,0.00,0.00
Anthony Elanga,se SWE,"FW,MF",Nott'ham Forest,22-249,2002,19,13,1047,11.6,3,3,6,3,0,0,1,0,2.0,2.0,1.6,3.6,32,19,73,0.26,0.26,0.52,0.26,0.52,0.17,0.14,0.31,0.17,0.31
Harvey Elliott,eng ENG,"MF,FW",Liverpool,21-272,2003,6,0,43,0.5,0,0,0,0,0,0,0,0,0.0,0.0,0.1,0.2,2,6,5,0.00,0.00,0.00,0.00,0.00,0.08,0.25,0.33,0.08,0.33
Yunus Emre Konak,tr TUR,"MF,FW",Brentford,18-357,2006,5,0,21,0.2,0,0,0,0,0,0,0,0,0.2,0.2,0.0,0.2,1,2,1,0.00,0.00,0.00,0.00,0.00,0.66,0.00,0.66,0.66,0.66
Julio Enciso,py PAR,"MF,FW",Brighton,20-344,2004,11,2,293,3.3,0,0,0,0,0,0,0,0,1.0,1.0,0.2,1.2,11,14,17,0.00,0.00,0.00,0.00,0.00,0.31,0.07,0.38,0.31,0.38
Wataru Endo,jp JPN,MF,Liverpool,31-327,1993,8,0,61,0.7,0,0,0,0,0,0,0,0,0.0,0.0,0.0,0.0,0,6,1,0.00,0.00,0.00,0.00,0.00,0.00,0.03,0.03,0.00,0.03
Christian Eriksen,dk DEN,MF,Manchester Utd,32-322,1992,11,7,625,6.9,0,0,0,0,0,0,2,0,0.1,0.1,1.8,1.9,5,28,19,0.00,0.00,0.00,0.00,0.00,0.02,0.26,0.27,0.02,0.27
Pervis Estupiñán,ec ECU,DF,Brighton,26-346,1998,15,12,1154,12.8,0,1,1,0,0,0,3,0,0.5,0.5,1.6,2.1,31,66,71,0.00,0.08,0.08,0.00,0.08,0.04,0.13,0.17,0.04,0.17
Evanilson,br BRA,FW,Bournemouth,25-087,1999,18,16,1289,14.3,5,0,5,5,0,1,0,0,6.4,5.6,1.1,6.7,18,12,55,0.35,0.00,0.35,0.35,0.35,0.45,0.07,0.52,0.39,0.46
Jonny Evans,nir NIR,DF,Manchester Utd,36-364,1988,6,3,290,3.2,0,0,0,0,0,0,1,0,0.1,0.1,0.0,0.1,1,8,2,0.00,0.00,0.00,0.00,0.00,0.03,0.00,0.03,0.03,0.03
Eberechi Eze,eng ENG,"MF,FW",Crystal Palace,26-186,1998,15,15,1250,13.9,2,2,4,2,0,0,1,0,4.0,4.0,2.3,6.3,40,63,84,0.14,0.14,0.29,0.14,0.29,0.29,0.17,0.45,0.29,0.45
Łukasz Fabiański,pl POL,GK,West Ham,39-258,1985,11,10,890,9.9,0,0,0,0,0,0,2,0,0.0,0.0,0.0,0.0,0,0,0,0.00,0.00,0.00,0.00,0.00,0.00,0.00,0.00,0.00,0.00
Wout Faes,be BEL,DF,Leicester City,26-273,1998,16,13,1256,14.0,1,0,1,1,0,0,2,0,0.9,0.9,0.0,1.0,6,47,1,0.07,0.00,0.07,0.07,0.07,0.07,0.00,0.07,0.07,0.07
Abdul Fatawu Issahaku,gh GHA,FW,Leicester City,20-299,2004,11,6,579,6.4,0,2,2,0,0,0,0,0,0.4,0.4,1.6,2.0,42,17,60,0.00,0.31,0.31,0.00,0.31,0.06,0.24,0.31,0.06,0.31
João Félix,pt POR,"FW,MF",Chelsea,25-052,1999,10,3,352,3.9,1,1,2,1,0,0,2,0,2.2,2.2,1.0,3.1,19,25,27,0.26,0.26,0.51,0.26,0.51,0.56,0.24,0.80,0.56,0.80
Evan Ferguson,ie IRL,FW,Brighton,20-074,2004,12,2,228,2.5,1,0,1,1,0,0,0,0,0.5,0.5,0.4,1.0,2,1,8,0.39,0.00,0.39,0.39,0.39,0.21,0.17,0.38,0.21,0.38
Bruno Fernandes,pt POR,"MF,FW",Manchester Utd,30-115,1994,18,18,1475,16.4,4,5,9,2,2,2,3,2,6.2,4.6,4.2,8.8,37,126,81,0.24,0.31,0.55,0.12,0.43,0.38,0.26,0.63,0.28,0.54
Mateus Fernandes,pt POR,MF,Southampton,20-175,2004,18,16,1397,15.5,1,1,2,1,0,0,5,0,1.9,1.9,1.4,3.3,44,74,54,0.06,0.06,0.13,0.06,0.13,0.13,0.09,0.21,0.13,0.21
Enzo Fernández,ar ARG,MF,Chelsea,23-350,2001,18,14,1332,14.8,3,4,7,3,0,0,2,0,2.1,2.1,3.3,5.4,23,97,56,0.20,0.27,0.47,0.20,0.47,0.14,0.22,0.36,0.14,0.36
Mark Flekken,nl NED,GK,Brentford,31-202,1993,18,18,1565,17.4,0,1,1,0,0,0,1,0,0.0,0.0,0.2,0.2,0,0,0,0.00,0.06,0.06,0.00,0.06,0.00,0.01,0.01,0.00,0.01
Phil Foden,eng ENG,"MF,FW",Manchester City,24-218,2000,14,10,965,10.7,1,1,2,1,0,0,2,0,2.2,2.2,3.5,5.7,24,57,76,0.09,0.09,0.19,0.09,0.19,0.20,0.33,0.53,0.20,0.53
Wesley Fofana,fr FRA,DF,Chelsea,24-015,2000,12,12,1015,11.3,0,0,0,0,0,0,6,0,0.4,0.4,0.4,0.8,14,25,4,0.00,0.00,0.00,0.00,0.00,0.04,0.04,0.07,0.04,0.07
Carlos Forbs,pt POR,"MF,FW",Wolves,20-288,2004,8,1,221,2.5,0,0,0,0,0,0,2,0,0.1,0.1,0.0,0.2,9,8,26,0.00,0.00,0.00,0.00,0.00,0.06,0.01,0.07,0.06,0.07
Fraser Forster,eng ENG,GK,Tottenham,36-290,1988,7,7,630,7.0,0,0,0,0,0,0,0,0,0.0,0.0,0.0,0.0,0,0,0,0.00,0.00,0.00,0.00,0.00,0.00,0.00,0.00,0.00,0.00
Ryan Fraser,sct SCO,"FW,DF",Southampton,30-312,1994,7,4,303,3.4,0,0,0,0,0,0,0,1,0.0,0.0,0.1,0.1,10,8,18,0.00,0.00,0.00,0.00,0.00,0.01,0.03,0.04,0.01,0.04
Niclas Füllkrug,de GER,FW,West Ham,31-327,1993,8,2,281,3.1,1,1,2,1,0,0,0,0,1.0,1.0,0.9,1.8,3,3,7,0.32,0.32,0.64,0.32,0.64,0.31,0.28,0.59,0.31,0.59
Cody Gakpo,nl NED,FW,Liverpool,25-239,1999,18,10,905,10.1,5,2,7,5,0,0,4,0,3.3,3.3,2.5,5.7,26,27,145,0.50,0.20,0.70,0.50,0.70,0.33,0.24,0.57,0.33,0.57
Idrissa Gana Gueye,sn SEN,MF,Everton,35-097,1989,17,15,1317,14.6,0,0,0,0,0,0,3,0,0.8,0.8,0.6,1.4,14,69,11,0.00,0.00,0.00,0.00,0.00,0.05,0.04,0.09,0.05,0.09
Alejandro Garnacho,ar ARG,"FW,MF",Manchester Utd,20-184,2004,18,10,1015,11.3,3,1,4,3,0,0,1,0,4.2,4.2,1.6,5.8,62,19,129,0.27,0.09,0.35,0.27,0.35,0.37,0.14,0.51,0.37,0.51
James Garner,eng ENG,"DF,MF",Everton,23-294,2001,4,2,253,2.8,0,0,0,0,0,0,1,0,0.0,0.0,0.0,0.1,1,3,4,0.00,0.00,0.00,0.00,0.00,0.02,0.01,0.02,0.02,0.02
Morgan Gibbs-White,eng ENG,MF,Nott'ham Forest,24-340,2000,15,15,1163,12.9,3,3,6,3,0,0,6,1,2.0,2.0,2.9,4.9,36,69,53,0.23,0.23,0.46,0.23,0.46,0.16,0.22,0.38,0.16,0.38
Billy Gilmour,sct SCO,MF,Brighton,23-204,2001,2,1,98,1.1,0,0,0,0,0,0,0,0,0.1,0.1,0.0,0.1,2,11,2,0.00,0.00,0.00,0.00,0.00,0.07,0.00,0.07,0.07,0.07
Martial Godo,eng ENG,FW,Fulham,21-293,2003,1,0,15,0.2,0,0,0,0,0,0,0,0,0.0,0.0,0.0,0.0,0,0,3,0.00,0.00,0.00,0.00,0.00,0.00,0.00,0.00,0.00,0.00
João Gomes,br BRA,MF,Wolves,23-324,2001,18,18,1517,16.9,2,1,3,2,0,0,6,0,1.6,1.6,0.4,2.0,28,83,33,0.12,0.06,0.18,0.12,0.18,0.09,0.02,0.12,0.09,0.12
Rodrigo Gomes,pt POR,"DF,FW",Wolves,21-178,2003,12,4,371,4.1,1,0,1,1,0,0,0,0,0.3,0.3,0.2,0.5,12,6,37,0.24,0.00,0.24,0.24,0.24,0.08,0.05,0.13,0.08,0.13
Toti Gomes,pt POR,DF,Wolves,25-351,1999,16,15,1264,14.0,0,1,1,0,0,0,4,0,0.0,0.0,0.6,0.7,5,36,7,0.00,0.07,0.07,0.00,0.07,0.00,0.04,0.05,0.00,0.05
Joe Gomez,eng ENG,DF,Liverpool,27-223,1997,9,6,519,5.8,0,0,0,0,0,0,1,0,0.3,0.3,0.1,0.4,5,35,2,0.00,0.00,0.00,0.00,0.00,0.06,0.02,0.08,0.06,0.08
Anthony Gordon,eng ENG,FW,Newcastle Utd,23-312,2001,18,17,1435,15.9,4,4,8,3,1,2,1,0,5.6,4.0,4.0,8.0,65,53,125,0.25,0.25,0.50,0.19,0.44,0.35,0.25,0.60,0.25,0.51
Ryan Gravenberch,nl NED,MF,Liverpool,22-230,2002,18,18,1557,17.3,0,2,2,0,0,0,4,0,0.6,0.6,1.5,2.1,37,94,27,0.00,0.12,0.12,0.00,0.12,0.04,0.09,0.12,0.04,0.12
Archie Gray,eng ENG,DF,Tottenham,18-295,2006,12,5,513,5.7,0,0,0,0,0,0,0,0,0.0,0.0,0.0,0.0,1,12,3,0.00,0.00,0.00,0.00,0.00,0.00,0.00,0.00,0.00,0.00
Jack Grealish,eng ENG,"FW,MF",Manchester City,29-113,1995,13,6,573,6.4,0,1,1,0,0,0,3,0,0.7,0.7,1.7,2.4,64,42,104,0.00,0.16,0.16,0.00,0.16,0.12,0.26,0.38,0.12,0.38
Jacob Greaves,eng ENG,DF,Ipswich Town,24-111,2000,10,10,900,10.0,0,0,0,0,0,0,2,0,0.4,0.4,0.0,0.4,1,22,3,0.00,0.00,0.00,0.00,0.00,0.04,0.00,0.04,0.04,0.04
Brajan Gruda,de GER,"FW,MF",Brighton,20-215,2004,9,3,277,3.1,0,0,0,0,0,0,0,0,0.1,0.1,0.5,0.7,12,9,31,0.00,0.00,0.00,0.00,0.00,0.04,0.17,0.21,0.04,0.21
Gonçalo Guedes,pt POR,"MF,FW",Wolves,28-033,1996,16,3,460,5.1,2,4,6,2,0,0,1,0,0.6,0.6,0.9,1.5,18,24,34,0.39,0.78,1.17,0.39,1.17,0.12,0.17,0.30,0.12,0.30
Marc Guéhi,eng ENG,DF,Crystal Palace,24-172,2000,18,18,1620,18.0,2,1,3,2,0,0,5,0,1.3,1.3,0.5,1.9,8,75,3,0.11,0.06,0.17,0.11,0.17,0.07,0.03,0.10,0.07,0.10
Luis Guilherme,br BRA,MF,West Ham,18-327,2006,3,0,23,0.3,0,0,0,0,0,0,0,0,0.0,0.0,0.0,0.0,0,1,3,0.00,0.00,0.00,0.00,0.00,0.13,0.00,0.13,0.13,0.13
Bruno Guimarães,br BRA,MF,Newcastle Utd,27-046,1997,19,19,1654,18.4,1,4,5,1,0,0,3,0,2.0,2.0,3.5,5.5,26,133,36,0.05,0.22,0.27,0.05,0.27,0.11,0.19,0.30,0.11,0.30
Marc Guiu,es ESP,FW,Chelsea,18-363,2006,1,0,24,0.3,0,0,0,0,0,0,0,0,0.0,0.0,0.0,0.0,0,0,0,0.00,0.00,0.00,0.00,0.00,0.00,0.00,0.00,0.00,0.00
İlkay Gündoğan,de GER,MF,Manchester City,34-069,1990,17,13,1119,12.4,0,1,1,0,0,0,1,0,1.6,1.6,1.3,2.9,31,70,56,0.00,0.08,0.08,0.00,0.08,0.13,0.11,0.23,0.13,0.23
Malo Gusto,fr FRA,DF,Chelsea,21-227,2003,16,13,1150,12.8,0,1,1,0,0,0,3,0,1.5,1.5,0.7,2.2,25,65,49,0.00,0.08,0.08,0.00,0.08,0.12,0.06,0.17,0.12,0.17
Joško Gvardiol,hr CRO,DF,Manchester City,22-344,2002,18,17,1572,17.5,4,0,4,4,0,0,1,0,2.7,2.4,1.5,3.9,42,143,60,0.23,0.00,0.23,0.23,0.23,0.15,0.09,0.24,0.14,0.22
Erling Haaland,no NOR,FW,Manchester City,24-164,2000,19,19,1709,19.0,14,1,15,13,1,2,2,0,14.8,13.3,1.3,14.5,11,13,75,0.74,0.05,0.79,0.68,0.74,0.78,0.07,0.85,0.70,0.77
Lewis Hall,eng ENG,DF,Newcastle Utd,20-115,2004,19,16,1498,16.6,0,2,2,0,0,0,3,0,0.3,0.3,3.3,3.6,30,90,55,0.00,0.12,0.12,0.00,0.12,0.02,0.20,0.22,0.02,0.22
Ali Al Hamadi,iq IRQ,FW,Ipswich Town,22-306,2002,10,0,131,1.5,0,0,0,0,0,0,3,0,0.4,0.4,0.1,0.4,4,3,13,0.00,0.00,0.00,0.00,0.00,0.24,0.05,0.29,0.24,0.29
Marcus Harness,eng ENG,MF,Ipswich Town,28-312,1996,2,0,45,0.5,0,0,0,0,0,0,0,0,0.0,0.0,0.0,0.0,0,2,1,0.00,0.00,0.00,0.00,0.00,0.00,0.00,0.00,0.00,0.00
Jack Harrison,eng ENG,FW,Everton,28-042,1996,17,11,939,10.4,0,0,0,0,0,0,0,0,2.2,2.2,1.8,4.0,24,22,57,0.00,0.00,0.00,0.00,0.00,0.21,0.17,0.38,0.21,0.38
Taylor Harwood-Bellis,eng ENG,DF,Southampton,22-337,2002,18,17,1490,16.6,1,0,1,1,0,0,6,0,1.2,1.2,0.5,1.7,10,62,7,0.06,0.00,0.06,0.06,0.06,0.07,0.03,0.10,0.07,0.10
Kai Havertz,de GER,"FW,MF",Arsenal,25-204,1999,17,17,1480,16.4,7,2,9,7,0,0,3,0,7.8,7.8,2.3,10.0,25,49,86,0.43,0.12,0.55,0.43,0.55,0.47,0.14,0.61,0.47,0.61
Jan Paul van Hecke,nl NED,DF,Brighton,24-207,2000,17,16,1430,15.9,0,1,1,0,0,0,4,0,0.6,0.6,0.8,1.5,24,128,4,0.00,0.06,0.06,0.00,0.06,0.04,0.05,0.09,0.04,0.09
Hwang Hee-chan,kr KOR,"MF,FW",Wolves,28-341,1996,13,3,430,4.8,2,0,2,2,0,0,0,0,0.6,0.6,0.1,0.7,8,7,19,0.42,0.00,0.42,0.42,0.42,0.13,0.02,0.15,0.13,0.15
Dean Henderson,eng ENG,GK,Crystal Palace,27-295,1997,19,19,1710,19.0,0,0,0,0,0,0,2,0,0.0,0.0,0.0,0.0,0,0,0,0.00,0.00,0.00,0.00,0.00,0.00,0.00,0.00,0.00,0.00
Mads Hermansen,dk DEN,GK,Leicester City,24-174,2000,16,16,1395,15.5,0,0,0,0,0,0,0,0,0.0,0.0,0.0,0.0,0,0,0,0.00,0.00,0.00,0.00,0.00,0.00,0.00,0.00,0.00,0.00
Son Heung-min,kr KOR,FW,Tottenham,32-177,1992,16,15,1209,13.4,5,6,11,5,0,1,0,0,4.5,3.7,5.8,9.5,58,71,163,0.37,0.45,0.82,0.37,0.82,0.34,0.43,0.77,0.28,0.71
James Hill,eng ENG,"DF,MF",Bournemouth,22-357,2002,3,1,88,1.0,0,1,1,0,0,0,0,0,0.0,0.0,0.2,0.2,0,7,2,0.00,1.02,1.02,0.00,1.02,0.00,0.25,0.25,0.00,0.25
Jack Hinshelwood,eng ENG,"MF,DF",Brighton,19-265,2005,10,10,840,9.3,1,0,1,1,0,0,2,0,0.7,0.7,0.3,1.0,10,31,27,0.11,0.00,0.11,0.11,0.11,0.08,0.03,0.11,0.08,0.11
George Hirst,eng ENG,FW,Ipswich Town,25-321,1999,8,1,180,2.0,1,1,2,1,0,0,1,0,0.8,0.8,0.3,1.0,3,7,14,0.50,0.50,1.00,0.50,1.00,0.38,0.13,0.51,0.38,0.51
Mason Holgate,eng ENG,"FW,DF",Everton,28-071,1996,1,0,6,0.1,0,0,0,0,0,0,0,0,0.0,0.0,0.0,0.0,0,0,0,0.00,0.00,0.00,0.00,0.00,0.00,0.00,0.00,0.00,0.00
Callum Hudson-Odoi,eng ENG,"FW,MF",Nott'ham Forest,24-055,2000,17,15,1316,14.6,2,1,3,2,0,0,1,0,1.4,1.4,1.7,3.2,80,41,124,0.14,0.07,0.21,0.14,0.21,0.10,0.12,0.22,0.10,0.22
Will Hughes,eng ENG,MF,Crystal Palace,29-259,1995,17,12,1090,12.1,0,3,3,0,0,0,7,0,0.7,0.7,1.7,2.4,15,54,14,0.00,0.25,0.25,0.00,0.25,0.06,0.14,0.20,0.06,0.20
Dean Huijsen,es ESP,DF,Bournemouth,19-262,2005,13,8,794,8.8,2,0,2,2,0,0,3,0,1.3,1.3,0.5,1.7,9,38,1,0.23,0.00,0.23,0.23,0.23,0.14,0.06,0.20,0.14,0.20
Omari Hutchinson,eng ENG,"MF,FW",Ipswich Town,21-063,2003,18,18,1535,17.1,2,1,3,2,0,0,4,0,1.5,1.5,2.1,3.5,51,43,84,0.12,0.06,0.18,0.12,0.18,0.09,0.12,0.21,0.09,0.21
Rasmus Højlund,dk DEN,FW,Manchester Utd,21-332,2003,14,10,889,9.9,2,0,2,2,0,0,1,0,2.0,2.0,1.0,3.0,11,11,43,0.20,0.00,0.20,0.20,0.20,0.21,0.10,0.31,0.21,0.31
Igor,br BRA,DF,Brighton,26-329,1998,11,8,838,9.3,0,0,0,0,0,0,4,0,0.0,0.0,0.2,0.2,9,38,0,0.00,0.00,0.00,0.00,0.00,0.01,0.02,0.02,0.01,0.02
Danny Ings,eng ENG,FW,West Ham,32-162,1992,9,1,180,2.0,1,1,2,1,0,0,0,0,2.1,2.1,0.7,2.8,5,3,19,0.50,0.50,1.00,0.50,1.00,1.03,0.37,1.41,1.03,1.41
Tim Iroegbunam,eng ENG,MF,Everton,21-185,2003,6,4,383,4.3,0,0,0,0,0,0,2,0,0.2,0.2,0.1,0.3,5,10,7,0.00,0.00,0.00,0.00,0.00,0.05,0.02,0.07,0.05,0.07
Andy Irving,sct SCO,MF,West Ham,24-233,2000,6,0,69,0.8,0,0,0,0,0,0,1,0,0.0,0.0,0.0,0.0,0,5,1,0.00,0.00,0.00,0.00,0.00,0.05,0.00,0.05,0.05,0.05
Alexander Isak,se SWE,FW,Newcastle Utd,25-102,1999,17,17,1378,15.3,12,4,16,12,0,0,0,0,10.4,10.4,2.9,13.3,41,44,108,0.78,0.26,1.04,0.78,1.04,0.68,0.19,0.87,0.68,0.87
Alex Iwobi,ng NGA,"FW,MF",Fulham,28-243,1996,19,19,1657,18.4,5,3,8,5,0,0,1,0,3.0,3.0,3.9,7.0,76,117,139,0.27,0.16,0.43,0.27,0.43,0.16,0.21,0.38,0.16,0.38
Nicolas Jackson,sn SEN,FW,Chelsea,23-195,2001,18,17,1364,15.2,9,3,12,9,0,0,4,0,9.1,9.1,1.9,11.1,32,20,68,0.59,0.20,0.79,0.59,0.79,0.60,0.13,0.73,0.60,0.73
Reece James,eng ENG,DF,Chelsea,25-024,1999,4,3,241,2.7,0,0,0,0,0,0,0,0,0.0,0.0,0.0,0.0,0,8,1,0.00,0.00,0.00,0.00,0.00,0.00,0.00,0.00,0.00,0.00
Vitaly Janelt,de GER,MF,Brentford,26-236,1998,17,15,1310,14.6,1,3,4,1,0,0,2,0,0.6,0.6,2.0,2.6,8,47,24,0.07,0.21,0.27,0.07,0.27,0.04,0.14,0.18,0.04,0.18
Vitezslav Jaros,cz CZE,GK,Liverpool,23-162,2001,1,0,12,0.1,0,0,0,0,0,0,0,0,0.0,0.0,0.0,0.0,0,0,0,0.00,0.00,0.00,0.00,0.00,0.00,0.00,0.00,0.00,0.00
Daniel Jebbison,eng ENG,FW,Bournemouth,21-141,2003,2,0,28,0.3,0,0,0,0,0,0,0,0,0.0,0.0,0.0,0.0,1,0,1,0.00,0.00,0.00,0.00,0.00,0.00,0.07,0.07,0.00,0.07
Mathias Jensen,dk DEN,MF,Brentford,29-000,1996,8,6,479,5.3,0,1,1,0,0,0,1,0,0.2,0.2,0.8,1.0,5,33,15,0.00,0.19,0.19,0.00,0.19,0.04,0.15,0.19,0.04,0.19
Gabriel Jesus,br BRA,FW,Arsenal,27-273,1997,15,4,429,4.8,2,0,2,2,0,0,4,0,1.7,1.7,0.6,2.3,10,13,36,0.42,0.00,0.42,0.42,0.42,0.36,0.13,0.49,0.36,0.49
Raúl Jiménez,mx MEX,FW,Fulham,33-241,1991,19,14,1137,12.6,6,2,8,5,1,1,2,0,5.6,4.8,2.2,7.0,15,26,48,0.47,0.16,0.63,0.40,0.55,0.44,0.17,0.62,0.38,0.55
Kim Jisoo,kr KOR,DF,Brentford,20-008,2004,1,0,13,0.1,0,0,0,0,0,0,0,0,0.0,0.0,0.0,0.0,0,1,0,0.00,0.00,0.00,0.00,0.00,0.00,0.00,0.00,0.00,0.00
João Pedro,br BRA,"FW,MF",Brighton,23-097,2001,13,11,949,10.5,4,5,9,4,0,0,1,0,2.8,2.8,2.3,5.1,37,40,66,0.38,0.47,0.85,0.38,0.85,0.26,0.22,0.48,0.26,0.48
Joelinton,br BRA,"MF,FW",Newcastle Utd,28-140,1996,18,18,1499,16.7,4,1,5,4,0,0,6,0,2.9,2.9,1.4,4.2,25,72,81,0.24,0.06,0.30,0.24,0.30,0.17,0.08,0.25,0.17,0.25
Ben Johnson,eng ENG,"DF,FW",Ipswich Town,24-343,2000,11,6,597,6.6,0,1,1,0,0,0,1,0,0.0,0.0,0.4,0.4,10,13,13,0.00,0.15,0.15,0.00,0.15,0.01,0.06,0.06,0.01,0.06
Brennan Johnson,wls WAL,FW,Tottenham,23-223,2001,19,15,1357,15.1,7,2,9,7,0,0,3,0,7.7,7.7,1.3,9.0,43,46,143,0.46,0.13,0.60,0.46,0.60,0.51,0.08,0.60,0.51,0.60
Sam Johnstone,eng ENG,GK,Wolves,31-282,1993,7,7,630,7.0,0,0,0,0,0,0,0,0,0.0,0.0,0.0,0.0,0,0,0,0.00,0.00,0.00,0.00,0.00,0.00,0.00,0.00,0.00,0.00
Curtis Jones,eng ENG,MF,Liverpool,23-337,2001,15,9,809,9.0,3,2,5,3,0,0,1,0,2.9,2.9,0.3,3.2,9,50,40,0.33,0.22,0.56,0.33,0.56,0.32,0.04,0.36,0.32,0.36
Jorginho,it ITA,MF,Arsenal,33-012,1991,8,5,393,4.4,0,0,0,0,0,0,3,0,0.0,0.0,0.2,0.2,8,29,2,0.00,0.00,0.00,0.00,0.00,0.01,0.04,0.05,0.01,0.05
Diogo Jota,pt POR,FW,Liverpool,28-028,1996,11,7,573,6.4,4,2,6,4,0,0,1,0,3.7,3.7,1.1,4.8,23,13,46,0.63,0.31,0.94,0.63,0.94,0.58,0.18,0.76,0.58,0.76
James Justin,eng ENG,DF,Leicester City,26-313,1998,18,18,1553,17.3,2,1,3,2,0,0,2,0,1.1,1.1,0.3,1.5,23,40,43,0.12,0.06,0.17,0.12,0.17,0.07,0.02,0.09,0.07,0.09
Filip Jørgensen,dk DEN,GK,Chelsea,22-260,2002,2,2,180,2.0,0,0,0,0,0,0,0,0,0.0,0.0,0.0,0.0,0,0,0,0.00,0.00,0.00,0.00,0.00,0.00,0.00,0.00,0.00,0.00
Ferdi Kadioglu,tr TUR,"DF,MF",Brighton,25-086,1999,6,5,385,4.3,1,0,1,1,0,0,1,0,0.4,0.4,0.2,0.6,1,15,27,0.23,0.00,0.23,0.23,0.23,0.10,0.04,0.14,0.10,0.14
Daichi Kamada,jp JPN,MF,Crystal Palace,28-149,1996,15,8,725,8.1,0,0,0,0,0,0,2,1,0.6,0.6,1.0,1.6,14,45,32,0.00,0.00,0.00,0.00,0.00,0.08,0.12,0.20,0.08,0.20
Boubacar Kamara,fr FRA,MF,Aston Villa,25-039,1999,10,7,586,6.5,0,0,0,0,0,0,1,0,0.1,0.1,0.1,0.2,4,31,2,0.00,0.00,0.00,0.00,0.00,0.02,0.02,0.04,0.02,0.04
Michael Keane,eng ENG,DF,Everton,31-356,1993,9,9,810,9.0,2,0,2,2,0,0,4,0,0.4,0.4,0.1,0.5,1,12,3,0.22,0.00,0.22,0.22,0.22,0.05,0.01,0.06,0.05,0.06
Caoimhín Kelleher,ie IRL,GK,Liverpool,26-039,1998,8,8,720,8.0,0,0,0,0,0,0,0,0,0.0,0.0,0.0,0.0,0,0,0,0.00,0.00,0.00,0.00,0.00,0.00,0.00,0.00,0.00,0.00
Lloyd Kelly,eng ENG,DF,Newcastle Utd,26-087,1998,8,4,298,3.3,0,1,1,0,0,0,2,0,0.4,0.4,0.5,0.8,0,9,2,0.00,0.30,0.30,0.00,0.30,0.11,0.14,0.25,0.11,0.25
Milos Kerkez,hu HUN,DF,Bournemouth,21-055,2003,19,19,1637,18.2,1,2,3,1,0,0,2,0,0.4,0.3,2.6,2.9,46,85,91,0.05,0.11,0.16,0.05,0.16,0.02,0.14,0.16,0.02,0.16
Bilal El Khannouss,ma MAR,MF,Leicester City,20-236,2004,14,9,720,8.0,1,1,2,1,0,0,1,0,0.3,0.3,1.6,1.9,16,52,26,0.12,0.12,0.25,0.12,0.25,0.04,0.20,0.24,0.04,0.24
Max Kilman,eng ENG,DF,West Ham,27-223,1997,19,19,1638,18.2,0,1,1,0,0,0,3,0,1.4,1.4,0.8,2.2,15,73,3,0.00,0.05,0.05,0.00,0.05,0.08,0.05,0.12,0.08,0.12
Joshua King,eng ENG,MF,Fulham,17-364,2007,3,1,73,0.8,0,0,0,0,0,0,0,0,0.0,0.0,0.1,0.1,0,3,8,0.00,0.00,0.00,0.00,0.00,0.00,0.06,0.06,0.00,0.06
Jakub Kiwior,pl POL,DF,Arsenal,24-321,2000,8,2,327,3.6,0,0,0,0,0,0,0,0,0.0,0.0,0.1,0.1,1,8,0,0.00,0.00,0.00,0.00,0.00,0.00,0.02,0.02,0.00,0.02
Justin Kluivert,nl NED,"MF,FW",Bournemouth,25-241,1999,18,15,1127,12.5,6,2,8,1,5,5,5,0,6.2,2.3,2.5,4.8,26,44,84,0.48,0.16,0.64,0.08,0.24,0.50,0.20,0.70,0.18,0.38
Ibrahima Konaté,fr FRA,DF,Liverpool,25-221,1999,12,11,974,10.8,1,1,2,1,0,0,4,0,0.8,0.8,0.2,1.0,5,35,1,0.09,0.09,0.18,0.09,0.18,0.08,0.02,0.10,0.08,0.10
Ezri Konsa,eng ENG,DF,Aston Villa,27-070,1997,17,17,1451,16.1,1,0,1,1,0,0,0,0,0.6,0.6,0.2,0.8,13,46,11,0.06,0.00,0.06,0.06,0.06,0.04,0.01,0.05,0.04,0.05
Mateo Kovačić,hr CRO,MF,Manchester City,30-240,1994,15,13,1159,12.9,3,0,3,3,0,0,3,0,1.1,1.1,1.9,3.0,37,83,12,0.23,0.00,0.23,0.23,0.23,0.09,0.15,0.23,0.09,0.23
Caleb Kporha,eng ENG,DF,Crystal Palace,18-170,2006,2,0,13,0.1,0,0,0,0,0,0,0,0,0.0,0.0,0.0,0.0,1,0,0,0.00,0.00,0.00,0.00,0.00,0.00,0.00,0.00,0.00,0.00
Emil Krafth,se SWE,DF,Newcastle Utd,30-152,1994,3,2,241,2.7,0,0,0,0,0,0,0,0,0.0,0.0,0.1,0.1,0,1,0,0.00,0.00,0.00,0.00,0.00,0.01,0.03,0.05,0.01,0.05
Mohammed Kudus,gh GHA,"MF,FW",West Ham,24-152,2000,14,14,1161,12.9,3,1,4,3,0,0,0,1,3.6,3.6,1.7,5.4,52,40,115,0.23,0.08,0.31,0.23,0.31,0.28,0.13,0.42,0.28,0.42
Dejan Kulusevski,se SWE,"MF,FW",Tottenham,24-251,2000,19,17,1500,16.7,5,4,9,5,0,0,3,0,3.0,3.0,4.6,7.6,88,82,143,0.30,0.24,0.54,0.30,0.54,0.18,0.28,0.46,0.18,0.46
Maxence Lacroix,fr FRA,DF,Crystal Palace,24-270,2000,16,16,1440,16.0,1,1,2,1,0,0,3,0,1.4,1.4,0.3,1.7,5,38,1,0.06,0.06,0.12,0.06,0.12,0.09,0.02,0.11,0.09,0.11
Adam Lallana,eng ENG,MF,Southampton,36-236,1988,10,5,324,3.6,0,2,2,0,0,0,4,0,0.2,0.2,0.9,1.1,5,23,10,0.00,0.56,0.56,0.00,0.56,0.05,0.25,0.30,0.05,0.30
Tariq Lamptey,gh GHA,DF,Brighton,24-093,2000,7,4,350,3.9,2,2,4,2,0,0,0,0,0.3,0.3,0.4,0.7,14,7,22,0.51,0.51,1.03,0.51,1.03,0.07,0.10,0.17,0.07,0.17
Will Lankshear,eng ENG,FW,Tottenham,19-256,2005,2,0,10,0.1,0,0,0,0,0,0,0,0,0.0,0.0,0.0,0.0,0,0,1,0.00,0.00,0.00,0.00,0.00,0.00,0.00,0.00,0.00,0.00
Roméo Lavia,be BEL,MF,Chelsea,20-361,2004,9,7,477,5.3,0,1,1,0,0,0,3,0,0.2,0.2,0.7,0.9,2,17,6,0.00,0.19,0.19,0.00,0.19,0.03,0.13,0.16,0.03,0.16
Mario Lemina,ga GAB,"MF,DF",Wolves,31-122,1993,16,15,1332,14.8,1,3,4,1,0,0,4,0,1.4,1.4,1.1,2.5,8,45,20,0.07,0.20,0.27,0.07,0.27,0.09,0.08,0.17,0.09,0.17
Bernd Leno,de GER,GK,Fulham,32-303,1992,19,19,1710,19.0,0,1,1,0,0,0,2,0,0.0,0.0,0.1,0.1,0,0,0,0.00,0.05,0.05,0.00,0.05,0.00,0.00,0.00,0.00,0.00
Jefferson Lerma,co COL,MF,Crystal Palace,30-068,1994,15,11,1004,11.2,0,0,0,0,0,0,4,0,0.6,0.6,0.9,1.5,7,51,21,0.00,0.00,0.00,0.00,0.00,0.06,0.08,0.14,0.06,0.14
Rico Lewis,eng ENG,"DF,MF",Manchester City,20-041,2004,17,15,1293,14.4,1,2,3,1,0,0,5,1,1.1,1.1,0.3,1.4,30,72,54,0.07,0.14,0.21,0.07,0.21,0.08,0.02,0.10,0.08,0.10
Keane Lewis-Potter,eng ENG,"DF,FW",Brentford,23-314,2001,18,16,1379,15.3,0,1,1,0,0,0,3,0,1.4,1.4,1.1,2.5,46,44,83,0.00,0.07,0.07,0.00,0.07,0.09,0.07,0.16,0.09,0.16
Myles Lewis-Skelly,eng ENG,DF,Arsenal,18-097,2006,5,3,231,2.6,0,0,0,0,0,0,1,0,0.0,0.0,0.1,0.1,4,10,5,0.00,0.00,0.00,0.00,0.00,0.00,0.06,0.06,0.00,0.06
Matthijs de Ligt,nl NED,DF,Manchester Utd,25-142,1999,17,14,1221,13.6,1,0,1,1,0,0,2,0,1.4,1.4,0.1,1.5,3,27,3,0.07,0.00,0.07,0.07,0.07,0.10,0.01,0.11,0.10,0.11
Victor Lindelöf,se SWE,"DF,MF",Manchester Utd,30-168,1994,5,0,63,0.7,0,0,0,0,0,0,1,0,0.0,0.0,0.0,0.0,0,5,1,0.00,0.00,0.00,0.00,0.00,0.00,0.03,0.03,0.00,0.03
Jesper Lindstrøm,dk DEN,FW,Everton,24-307,2000,14,6,592,6.6,0,0,0,0,0,0,0,0,1.4,1.4,1.0,2.4,18,10,47,0.00,0.00,0.00,0.00,0.00,0.22,0.15,0.37,0.22,0.37
Valentino Livramento,eng ENG,DF,Newcastle Utd,22-050,2002,18,14,1230,13.7,0,0,0,0,0,0,0,0,0.0,0.0,0.5,0.6,31,59,49,0.00,0.00,0.00,0.00,0.00,0.00,0.04,0.04,0.00,0.04
Sean Longstaff,eng ENG,MF,Newcastle Utd,27-063,1997,16,8,715,7.9,0,0,0,0,0,0,2,0,0.6,0.6,0.2,0.8,4,38,20,0.00,0.00,0.00,0.00,0.00,0.08,0.02,0.10,0.08,0.10
Saša Lukić,rs SRB,MF,Fulham,28-141,1996,14,13,1072,11.9,0,1,1,0,0,0,7,0,0.1,0.1,0.9,1.0,17,49,7,0.00,0.08,0.08,0.00,0.08,0.01,0.08,0.08,0.01,0.08
Joe Lumley,eng ENG,GK,Southampton,29-321,1995,3,3,270,3.0,0,0,0,0,0,0,0,0,0.0,0.0,0.0,0.0,0,0,0,0.00,0.00,0.00,0.00,0.00,0.00,0.00,0.00,0.00,0.00
Massimo Luongo,au AUS,MF,Ipswich Town,32-098,1992,5,2,143,1.6,0,0,0,0,0,0,0,0,0.0,0.0,0.0,0.0,0,4,1,0.00,0.00,0.00,0.00,0.00,0.00,0.00,0.00,0.00,0.00
Ian Maatsen,nl NED,DF,Aston Villa,22-297,2002,14,2,298,3.3,0,0,0,0,0,0,1,0,0.1,0.1,1.1,1.2,8,16,27,0.00,0.00,0.00,0.00,0.00,0.02,0.33,0.36,0.02,0.36
Alexis Mac Allister,ar ARG,MF,Liverpool,26-008,1998,17,15,1232,13.7,1,2,3,1,0,0,5,0,1.0,1.0,2.7,3.7,18,88,35,0.07,0.15,0.22,0.07,0.22,0.07,0.20,0.27,0.07,0.27
James Maddison,eng ENG,MF,Tottenham,28-039,1996,19,14,1136,12.6,8,4,12,8,0,0,4,0,4.7,4.7,2.7,7.4,29,100,60,0.63,0.32,0.95,0.63,0.95,0.37,0.21,0.59,0.37,0.59
Noni Madueke,eng ENG,FW,Chelsea,22-297,2002,17,14,1115,12.4,5,3,8,5,0,0,3,0,5.2,5.2,2.6,7.8,84,45,135,0.40,0.24,0.65,0.40,0.65,0.42,0.21,0.63,0.42,0.63
Gabriel Magalhães,br BRA,DF,Arsenal,27-013,1997,16,16,1358,15.1,3,1,4,3,0,0,2,0,2.3,2.3,0.5,2.8,5,66,8,0.20,0.07,0.27,0.20,0.27,0.15,0.03,0.19,0.15,0.19
Edmond-Paris Maghoma,eng ENG,MF,Brentford,23-238,2001,3,0,52,0.6,0,0,0,0,0,0,0,0,0.0,0.0,0.0,0.0,2,7,2,0.00,0.00,0.00,0.00,0.00,0.00,0.00,0.00,0.00,0.00
Harry Maguire,eng ENG,DF,Manchester Utd,31-302,1993,12,8,720,8.0,0,0,0,0,0,0,4,0,0.2,0.2,0.2,0.3,3,25,1,0.00,0.00,0.00,0.00,0.00,0.02,0.02,0.04,0.02,0.04
Kobbie Mainoo,eng ENG,MF,Manchester Utd,19-257,2005,13,11,1027,11.4,0,0,0,0,0,0,5,0,0.4,0.4,1.3,1.7,15,46,26,0.00,0.00,0.00,0.00,0.00,0.03,0.12,0.15,0.03,0.15
Tyrell Malacia,nl NED,DF,Manchester Utd,25-137,1999,2,2,90,1.0,0,0,0,0,0,0,1,0,0.0,0.0,0.0,0.0,3,2,5,0.00,0.00,0.00,0.00,0.00,0.00,0.04,0.04,0.00,0.04
Orel Mangala,be BEL,MF,Everton,26-289,1998,15,10,946,10.5,1,0,1,1,0,0,2,0,0.8,0.8,0.5,1.3,6,25,16,0.10,0.00,0.10,0.10,0.10,0.07,0.05,0.12,0.07,0.12
Ryan Manning,ie IRL,DF,Southampton,28-201,1996,11,9,669,7.4,0,0,0,0,0,0,1,0,0.1,0.1,1.2,1.4,9,6,41,0.00,0.00,0.00,0.00,0.00,0.02,0.17,0.19,0.02,0.19
Solly March,eng ENG,DF,Brighton,30-165,1994,1,0,3,0.0,0,0,0,0,0,0,0,0,0.1,0.1,0.0,0.1,0,0,0,0.00,0.00,0.00,0.00,0.00,1.95,0.00,1.95,1.95,1.95
Gabriel Martinelli,br BRA,"FW,MF",Arsenal,23-197,2001,16,12,1036,11.5,4,2,6,4,0,0,1,0,3.0,3.0,2.2,5.2,60,19,139,0.35,0.17,0.52,0.35,0.52,0.26,0.19,0.45,0.26,0.45
Emiliano Martínez,ar ARG,GK,Aston Villa,32-121,1992,19,19,1665,18.5,0,0,0,0,0,0,2,0,0.0,0.0,0.0,0.0,0,1,0,0.00,0.00,0.00,0.00,0.00,0.00,0.00,0.00,0.00,0.00
Lisandro Martínez,ar ARG,DF,Manchester Utd,26-349,1998,16,16,1400,15.6,0,1,1,0,0,0,6,0,1.1,1.1,0.9,2.1,17,95,6,0.00,0.06,0.06,0.00,0.06,0.07,0.06,0.13,0.07,0.13
Pape Matar Sarr,sn SEN,MF,Tottenham,22-109,2002,19,11,1001,11.1,1,2,3,1,0,0,3,0,2.0,2.0,1.2,3.3,18,54,31,0.09,0.18,0.27,0.09,0.27,0.18,0.11,0.30,0.18,0.30
Jean-Philippe Mateta,fr FRA,FW,Crystal Palace,27-187,1997,19,17,1424,15.8,4,1,5,3,1,1,2,0,5.3,4.5,1.9,6.5,21,27,72,0.25,0.06,0.32,0.19,0.25,0.34,0.12,0.46,0.29,0.41
Stephy Mavididi,eng ENG,FW,Leicester City,26-215,1998,18,11,1025,11.4,2,1,3,2,0,0,2,0,1.1,1.1,1.7,2.8,56,45,80,0.18,0.09,0.26,0.18,0.26,0.10,0.15,0.25,0.10,0.25
Konstantinos Mavropanos,gr GRE,DF,West Ham,27-021,1997,16,13,1179,13.1,0,0,0,0,0,0,2,0,0.9,0.9,0.4,1.3,10,43,2,0.00,0.00,0.00,0.00,0.00,0.07,0.03,0.10,0.07,0.10
Noussair Mazraoui,ma MAR,DF,Manchester Utd,27-048,1997,19,17,1429,15.9,0,1,1,0,0,0,1,0,0.4,0.4,0.3,0.7,19,64,29,0.00,0.06,0.06,0.00,0.06,0.03,0.02,0.04,0.03,0.04
Bryan Mbeumo,cm CMR,FW,Brentford,25-147,1999,18,18,1614,17.9,10,2,12,8,2,2,2,0,4.9,3.3,3.5,6.8,57,68,182,0.56,0.11,0.67,0.45,0.56,0.27,0.19,0.47,0.19,0.38
James Mcatee,eng ENG,"MF,FW",Manchester City,22-075,2002,3,0,27,0.3,0,0,0,0,0,0,0,0,0.0,0.0,0.0,0.0,2,0,0,0.00,0.00,0.00,0.00,0.00,0.11,0.00,0.11,0.11,0.11
Kasey McAteer,ie IRL,"FW,MF",Leicester City,23-040,2001,9,4,334,3.7,0,1,1,0,0,0,0,0,0.6,0.6,0.1,0.7,12,4,30,0.00,0.27,0.27,0.00,0.27,0.15,0.04,0.19,0.15,0.19
Alex McCarthy,eng ENG,GK,Southampton,35-029,1989,4,4,360,4.0,0,0,0,0,0,0,0,0,0.0,0.0,0.0,0.0,0,0,0,0.00,0.00,0.00,0.00,0.00,0.00,0.00,0.00,0.00,0.00
John McGinn,sct SCO,"FW,MF",Aston Villa,30-075,1994,17,15,1236,13.7,0,3,3,0,0,0,3,0,1.8,1.8,2.5,4.3,21,56,57,0.00,0.22,0.22,0.00,0.22,0.13,0.18,0.31,0.13,0.31
Dwight McNeil,eng ENG,"MF,FW",Everton,25-040,1999,13,13,1140,12.7,3,3,6,3,0,0,1,0,0.9,0.9,3.5,4.4,31,60,65,0.24,0.24,0.47,0.24,0.47,0.07,0.27,0.34,0.07,0.34
Scott McTominay,sct SCO,MF,Manchester Utd,28-024,1996,2,0,19,0.2,0,0,0,0,0,0,0,0,0.1,0.1,0.0,0.1,0,1,2,0.00,0.00,0.00,0.00,0.00,0.33,0.00,0.33,0.33,0.33
Ben Mee,eng ENG,DF,Brentford,35-102,1989,5,2,176,2.0,0,0,0,0,0,0,2,0,0.0,0.0,0.0,0.0,3,11,2,0.00,0.00,0.00,0.00,0.00,0.00,0.00,0.00,0.00,0.00
Jayden Meghoma,eng ENG,DF,Brentford,18-187,2006,1,0,5,0.1,0,0,0,0,0,0,0,0,0.0,0.0,0.0,0.0,0,0,0,0.00,0.00,0.00,0.00,0.00,0.00,0.00,0.00,0.00,0.00
Mikel Merino,es ESP,MF,Arsenal,28-193,1996,11,5,499,5.5,1,0,1,1,0,0,1,0,1.3,1.3,0.8,2.1,3,23,26,0.18,0.00,0.18,0.18,0.18,0.23,0.14,0.38,0.23,0.38
Nikola Milenković,rs SRB,DF,Nott'ham Forest,27-081,1997,18,18,1620,18.0,2,1,3,2,0,0,2,0,2.8,2.8,0.2,3.0,2,25,3,0.11,0.06,0.17,0.11,0.17,0.15,0.01,0.17,0.15,0.17
Lewis Miley,eng ENG,MF,Newcastle Utd,18-245,2006,2,0,12,0.1,0,0,0,0,0,0,0,0,0.0,0.0,0.0,0.0,0,2,0,0.00,0.00,0.00,0.00,0.00,0.00,0.00,0.00,0.00,0.00
James Milner,eng ENG,MF,Brighton,38-363,1986,3,3,169,1.9,0,0,0,0,0,0,1,0,0.2,0.2,0.2,0.4,1,10,10,0.00,0.00,0.00,0.00,0.00,0.09,0.12,0.21,0.09,0.21
Tyrone Mings,eng ENG,DF,Aston Villa,31-294,1993,2,1,161,1.8,0,0,0,0,0,0,1,0,0.2,0.2,0.0,0.2,1,7,0,0.00,0.00,0.00,0.00,0.00,0.11,0.01,0.12,0.11,0.12
Yankuba Minteh,gm GAM,"FW,MF",Brighton,20-163,2004,14,6,592,6.6,2,1,3,2,0,0,2,0,1.3,1.3,1.6,2.9,28,16,73,0.30,0.15,0.46,0.30,0.46,0.20,0.25,0.44,0.20,0.44
Tyrick Mitchell,eng ENG,DF,Crystal Palace,25-122,1999,19,19,1654,18.4,0,3,3,0,0,0,2,0,0.3,0.3,3.5,3.8,32,41,102,0.00,0.16,0.16,0.00,0.16,0.02,0.19,0.21,0.02,0.21
Kaoru Mitoma,jp JPN,"FW,MF",Brighton,27-226,1997,19,17,1546,17.2,3,2,5,3,0,0,0,0,4.0,4.0,3.6,7.6,95,58,185,0.17,0.12,0.29,0.17,0.29,0.23,0.21,0.44,0.23,0.44
Jakub Moder,pl POL,MF,Brighton,25-269,1999,3,0,10,0.1,0,0,0,0,0,0,0,0,0.0,0.0,0.2,0.2,2,4,0,0.00,0.00,0.00,0.00,0.00,0.00,1.60,1.60,0.00,1.60
Mikey Moore,eng ENG,FW,Tottenham,17-143,2007,4,1,85,0.9,0,0,0,0,0,0,0,0,0.0,0.0,0.0,0.0,5,3,12,0.00,0.00,0.00,0.00,0.00,0.04,0.00,0.04,0.04,0.04
Morato,br BRA,DF,Nott'ham Forest,23-185,2001,12,2,371,4.1,0,0,0,0,0,0,0,0,0.0,0.0,0.0,0.0,0,6,0,0.00,0.00,0.00,0.00,0.00,0.00,0.00,0.00,0.00,0.00
Álex Moreno,es ESP,DF,Nott'ham Forest,31-207,1993,11,10,788,8.8,0,1,1,0,0,0,2,0,0.2,0.2,1.0,1.1,20,28,24,0.00,0.11,0.11,0.00,0.11,0.02,0.11,0.13,0.02,0.13
Sam Morsy,eg EGY,MF,Ipswich Town,33-113,1991,17,17,1523,16.9,1,1,2,1,0,0,6,0,0.3,0.3,0.6,0.8,7,74,7,0.06,0.06,0.12,0.06,0.12,0.02,0.03,0.05,0.02,0.05
Yerson Mosquera,co COL,DF,Wolves,23-244,2001,5,5,441,4.9,0,0,0,0,0,0,2,0,0.3,0.3,0.1,0.4,0,7,0,0.00,0.00,0.00,0.00,0.00,0.07,0.02,0.09,0.07,0.09
Mason Mount,eng ENG,"MF,FW",Manchester Utd,25-357,1999,8,4,247,2.7,0,0,0,0,0,0,2,0,0.4,0.4,0.1,0.5,2,8,5,0.00,0.00,0.00,0.00,0.00,0.14,0.04,0.18,0.14,0.18
Mykhailo Mudryk,ua UKR,FW,Chelsea,23-362,2001,7,1,151,1.7,0,0,0,0,0,0,0,0,0.3,0.3,1.0,1.2,7,5,12,0.00,0.00,0.00,0.00,0.00,0.15,0.58,0.73,0.15,0.73
Rodrigo Muniz,br BRA,FW,Fulham,23-242,2001,18,5,573,6.4,3,1,4,3,0,0,1,0,2.4,2.4,0.6,3.0,4,15,21,0.47,0.16,0.63,0.47,0.63,0.38,0.10,0.47,0.38,0.47
Daniel Muñoz,co COL,DF,Crystal Palace,28-220,1996,18,18,1533,17.0,2,1,3,2,0,0,5,0,3.3,3.3,1.9,5.2,26,44,110,0.12,0.06,0.18,0.12,0.18,0.20,0.11,0.31,0.20,0.31
Arijanet Muric,xk KVX,GK,Ipswich Town,26-055,1998,17,17,1530,17.0,0,0,0,0,0,0,1,0,0.0,0.0,0.0,0.0,0,1,0,0.00,0.00,0.00,0.00,0.00,0.00,0.00,0.00,0.00,0.00
Murillo,br BRA,DF,Nott'ham Forest,22-181,2002,18,18,1597,17.7,1,0,1,1,0,0,4,0,1.0,1.0,0.9,1.9,11,53,3,0.06,0.00,0.06,0.06,0.06,0.06,0.05,0.11,0.06,0.11
Jacob Murphy,eng ENG,FW,Newcastle Utd,29-312,1995,16,12,939,10.4,3,6,9,3,0,0,2,0,2.3,2.3,3.9,6.3,32,40,84,0.29,0.58,0.86,0.29,0.86,0.22,0.38,0.60,0.22,0.60
Vitaliy Mykolenko,ua UKR,DF,Everton,25-217,1999,16,16,1375,15.3,0,0,0,0,0,0,2,0,0.3,0.3,0.5,0.8,14,53,38,0.00,0.00,0.00,0.00,0.00,0.02,0.03,0.05,0.02,0.05
Iliman Ndiaye,sn SEN,FW,Everton,24-301,2000,18,16,1426,15.8,3,0,3,3,0,0,2,0,1.8,1.8,1.2,3.1,59,30,79,0.19,0.00,0.19,0.19,0.19,0.12,0.08,0.19,0.12,0.19
Wilfred Ndidi,ng NGA,MF,Leicester City,28-016,1996,15,15,1215,13.5,0,4,4,0,0,0,4,0,1.4,1.4,1.4,2.8,9,37,49,0.00,0.30,0.30,0.00,0.30,0.10,0.10,0.20,0.10,0.20
Kosta Nedeljković,rs SRB,DF,Aston Villa,19-016,2005,4,0,118,1.3,0,0,0,0,0,0,0,0,0.0,0.0,0.0,0.0,1,3,0,0.00,0.00,0.00,0.00,0.00,0.00,0.00,0.00,0.00,0.00
Reiss Nelson,eng ENG,FW,Arsenal,25-022,1999,1,0,3,0.0,0,0,0,0,0,0,0,0,0.0,0.0,0.0,0.0,0,0,0,0.00,0.00,0.00,0.00,0.00,0.00,0.00,0.00,0.00,0.00
Reiss Nelson,eng ENG,FW,Fulham,25-022,1999,11,5,487,5.4,1,1,2,1,0,0,1,0,1.1,1.1,1.0,2.1,45,35,63,0.18,0.18,0.37,0.18,0.37,0.20,0.18,0.39,0.20,0.39
Neto,br BRA,GK,Bournemouth,35-166,1989,2,2,180,2.0,0,0,0,0,0,0,0,0,0.0,0.0,0.0,0.0,0,0,0,0.00,0.00,0.00,0.00,0.00,0.00,0.00,0.00,0.00,0.00
Pedro Neto,pt POR,FW,Chelsea,24-298,2000,16,9,912,10.1,1,2,3,1,0,0,6,0,0.7,0.7,2.5,3.1,57,15,94,0.10,0.20,0.30,0.10,0.30,0.07,0.24,0.31,0.07,0.31
Eddie Nketiah,eng ENG,"MF,FW",Crystal Palace,25-216,1999,13,6,580,6.4,0,1,1,0,0,0,3,0,1.4,1.4,1.3,2.7,27,10,46,0.00,0.16,0.16,0.00,0.16,0.22,0.20,0.41,0.22,0.41
Christopher Nkunku,fr FRA,FW,Chelsea,27-048,1997,18,3,403,4.5,2,1,3,2,0,0,1,0,4.0,4.0,1.7,5.6,7,10,36,0.45,0.22,0.67,0.45,0.67,0.88,0.37,1.26,0.88,1.26
Matheus Nunes,pt POR,"MF,FW",Manchester City,26-127,1998,12,6,530,5.9,0,3,3,0,0,0,1,0,0.2,0.2,1.9,2.0,30,26,86,0.00,0.51,0.51,0.00,0.51,0.03,0.31,0.34,0.03,0.34
Darwin Núñez,uy URU,FW,Liverpool,25-191,1999,14,7,726,8.1,2,2,4,2,0,0,4,0,2.5,2.5,0.9,3.4,17,17,55,0.25,0.25,0.50,0.25,0.50,0.31,0.11,0.43,0.31,0.43
Ethan Nwaneri,eng ENG,"MF,FW",Arsenal,17-286,2007,10,0,117,1.3,1,0,1,1,0,0,0,0,0.2,0.2,0.2,0.3,8,7,8,0.77,0.00,0.77,0.77,0.77,0.12,0.13,0.25,0.12,0.25
Christian Nørgaard,dk DEN,MF,Brentford,30-297,1994,15,15,1225,13.6,1,2,3,1,0,0,2,1,1.8,1.8,0.4,2.3,6,63,21,0.07,0.15,0.22,0.07,0.22,0.13,0.03,0.17,0.13,0.17
Jake O'Brien,ie IRL,DF,Everton,23-231,2001,2,0,36,0.4,0,0,0,0,0,0,1,0,0.0,0.0,0.0,0.0,0,1,0,0.00,0.00,0.00,0.00,0.00,0.00,0.00,0.00,0.00,0.00
Matt O'Riley,dk DEN,MF,Brighton,24-041,2000,7,3,309,3.4,1,0,1,1,0,0,1,0,1.1,1.1,0.6,1.7,5,13,16,0.29,0.00,0.29,0.29,0.29,0.32,0.17,0.50,0.32,0.50
Dara O'Shea,ie IRL,DF,Ipswich Town,25-303,1999,16,16,1412,15.7,0,0,0,0,0,0,4,0,0.7,0.7,0.0,0.7,3,43,1,0.00,0.00,0.00,0.00,0.00,0.04,0.00,0.04,0.04,0.04
Wilson Odobert,fr FRA,FW,Tottenham,20-034,2004,3,2,162,1.8,0,0,0,0,0,0,0,0,0.4,0.4,0.1,0.5,13,10,18,0.00,0.00,0.00,0.00,0.00,0.23,0.03,0.27,0.23,0.27
Chiedozie Ogbene,ie IRL,FW,Ipswich Town,27-245,1997,5,3,238,2.6,0,0,0,0,0,0,0,0,0.0,0.0,0.1,0.1,7,0,15,0.00,0.00,0.00,0.00,0.00,0.00,0.03,0.03,0.00,0.03
Caleb Okoli,it ITA,DF,Leicester City,23-172,2001,12,9,791,8.8,0,0,0,0,0,0,2,0,0.1,0.1,0.0,0.1,3,23,1,0.00,0.00,0.00,0.00,0.00,0.02,0.00,0.02,0.02,0.02
Robin Olsen,se SWE,GK,Aston Villa,34-359,1990,1,0,45,0.5,0,0,0,0,0,0,0,0,0.0,0.0,0.0,0.0,0,0,0,0.00,0.00,0.00,0.00,0.00,0.00,0.00,0.00,0.00,0.00
Amadou Onana,be BEL,MF,Aston Villa,23-138,2001,14,12,908,10.1,2,0,2,2,0,0,3,0,1.8,1.8,0.1,1.9,10,29,10,0.20,0.00,0.20,0.20,0.20,0.18,0.01,0.19,0.18,0.19
André Onana,cm CMR,GK,Manchester Utd,28-274,1996,19,19,1710,19.0,0,0,0,0,0,0,0,0,0.0,0.0,0.2,0.2,0,1,0,0.00,0.00,0.00,0.00,0.00,0.00,0.01,0.01,0.00,0.01
Paul Onuachu,ng NGA,FW,Southampton,30-218,1994,9,3,269,3.0,0,0,0,0,0,0,1,0,0.9,0.9,0.2,1.1,3,4,7,0.00,0.00,0.00,0.00,0.00,0.31,0.06,0.36,0.31,0.36
Frank Onyeka,ng NGA,MF,Brentford,27-000,1998,2,0,25,0.3,0,0,0,0,0,0,0,0,0.0,0.0,0.0,0.0,0,1,0,0.00,0.00,0.00,0.00,0.00,0.00,0.00,0.00,0.00,0.00
Stefan Ortega,de GER,GK,Manchester City,32-056,1992,6,6,540,6.0,0,0,0,0,0,0,1,0,0.0,0.0,0.0,0.0,0,0,0,0.00,0.00,0.00,0.00,0.00,0.00,0.00,0.00,0.00,0.00
William Osula,dk DEN,"FW,MF",Newcastle Utd,21-150,2003,6,0,31,0.3,0,0,0,0,0,0,0,0,0.0,0.0,0.1,0.1,1,1,4,0.00,0.00,0.00,0.00,0.00,0.00,0.25,0.25,0.00,0.25
Dango Ouattara,bf BFA,"FW,DF",Bournemouth,22-325,2002,16,7,814,9.0,3,3,6,3,0,0,0,0,3.9,3.9,3.8,7.7,35,18,94,0.33,0.33,0.66,0.33,0.66,0.44,0.42,0.85,0.44,0.85
Cole Palmer,eng ENG,MF,Chelsea,22-240,2002,19,19,1657,18.4,12,6,18,9,3,3,3,0,10.9,8.5,6.8,15.3,63,114,98,0.65,0.33,0.98,0.49,0.81,0.59,0.37,0.96,0.46,0.83
Emerson Palmieri,it ITA,DF,West Ham,30-151,1994,18,17,1352,15.0,1,1,2,1,0,0,5,0,1.2,1.2,1.2,2.3,25,42,55,0.07,0.07,0.13,0.07,0.13,0.08,0.08,0.15,0.08,0.15
Lucas Paquetá,br BRA,MF,West Ham,27-127,1997,18,15,1284,14.3,3,0,3,1,2,2,5,0,3.5,2.0,1.7,3.7,11,72,45,0.21,0.00,0.21,0.07,0.07,0.25,0.12,0.37,0.14,0.26
Thomas Partey,gh GHA,"MF,DF",Arsenal,31-202,1993,17,14,1313,14.6,2,2,4,2,0,0,2,0,1.2,1.2,1.3,2.6,8,88,13,0.14,0.14,0.27,0.14,0.27,0.08,0.09,0.18,0.08,0.18
Nathan Patterson,sct SCO,DF,Everton,23-077,2001,3,0,42,0.5,0,0,0,0,0,0,0,0,0.0,0.0,0.3,0.3,3,6,4,0.00,0.00,0.00,0.00,0.00,0.00,0.73,0.73,0.00,0.73
Andreas Pereira,br BRA,MF,Fulham,29-000,1996,17,15,1150,12.8,2,1,3,2,0,1,5,0,2.9,2.1,2.2,4.3,12,65,46,0.16,0.08,0.23,0.16,0.23,0.22,0.18,0.40,0.16,0.34
Ricardo Pereira,pt POR,DF,Leicester City,31-087,1993,2,2,146,1.6,0,0,0,0,0,0,1,0,0.0,0.0,0.0,0.0,1,5,3,0.00,0.00,0.00,0.00,0.00,0.00,0.00,0.00,0.00,0.00
Kalvin Phillips,eng ENG,MF,Ipswich Town,29-030,1995,10,8,670,7.4,0,0,0,0,0,0,3,1,0.3,0.3,0.1,0.4,4,34,2,0.00,0.00,0.00,0.00,0.00,0.04,0.01,0.06,0.04,0.06
Jaden Philogene Bidace,eng ENG,"FW,MF",Aston Villa,22-328,2002,11,2,332,3.7,0,0,0,0,0,0,4,1,0.5,0.5,0.3,0.8,7,4,17,0.00,0.00,0.00,0.00,0.00,0.13,0.08,0.20,0.13,0.20
Jordan Pickford,eng ENG,GK,Everton,30-300,1994,18,18,1620,18.0,0,0,0,0,0,0,4,0,0.0,0.0,0.0,0.0,0,0,0,0.00,0.00,0.00,0.00,0.00,0.00,0.00,0.00,0.00,0.00
Ethan Pinnock,jm JAM,DF,Brentford,31-217,1993,16,16,1440,16.0,2,0,2,2,0,0,2,0,0.9,0.9,1.2,2.0,2,33,8,0.12,0.00,0.12,0.12,0.12,0.05,0.07,0.13,0.05,0.13
Daniel Podence,pt POR,"MF,FW",Wolves,29-072,1995,2,0,48,0.5,0,0,0,0,0,0,0,0,0.0,0.0,0.0,0.0,1,2,3,0.00,0.00,0.00,0.00,0.00,0.07,0.00,0.07,0.07,0.07
Alfie Pond,eng ENG,DF,Wolves,20-306,2004,1,0,1,0.0,0,0,0,0,0,0,0,0,0.0,0.0,0.0,0.0,0,0,0,0.00,0.00,0.00,0.00,0.00,0.00,0.00,0.00,0.00,0.00
Nick Pope,eng ENG,GK,Newcastle Utd,32-257,1992,15,15,1350,15.0,0,0,0,0,0,0,2,0,0.0,0.0,0.0,0.0,0,0,0,0.00,0.00,0.00,0.00,0.00,0.00,0.00,0.00,0.00,0.00
Pedro Porro,es ESP,DF,Tottenham,25-110,1999,19,16,1538,17.1,2,3,5,2,0,0,2,0,1.2,1.2,1.8,3.0,42,92,57,0.12,0.18,0.29,0.12,0.29,0.07,0.11,0.18,0.07,0.18
Jarell Quansah,eng ENG,DF,Liverpool,21-338,2003,5,2,228,2.5,0,0,0,0,0,0,1,0,0.0,0.0,0.0,0.0,2,6,2,0.00,0.00,0.00,0.00,0.00,0.00,0.00,0.00,0.00,0.00
Hákon Rafn Valdimarsson,is ISL,GK,Brentford,23-080,2001,1,0,55,0.6,0,0,0,0,0,0,0,0,0.0,0.0,0.0,0.0,0,0,0,0.00,0.00,0.00,0.00,0.00,0.00,0.00,0.00,0.00,0.00
Aaron Ramsdale,eng ENG,GK,Southampton,26-232,1998,12,12,1080,12.0,0,0,0,0,0,0,1,0,0.0,0.0,0.0,0.0,0,0,0,0.00,0.00,0.00,0.00,0.00,0.00,0.00,0.00,0.00,0.00
Jacob Ramsey,eng ENG,"FW,MF",Aston Villa,23-218,2001,11,7,647,7.2,0,2,2,0,0,0,1,0,0.7,0.7,1.3,2.0,28,30,54,0.00,0.28,0.28,0.00,0.28,0.10,0.18,0.27,0.10,0.27
Marcus Rashford,eng ENG,"FW,MF",Manchester Utd,27-062,1997,15,12,978,10.9,4,1,5,4,0,0,2,0,1.7,1.7,2.1,3.8,20,21,79,0.37,0.09,0.46,0.37,0.46,0.16,0.19,0.35,0.16,0.35
David Raya,es ESP,GK,Arsenal,29-108,1995,18,18,1620,18.0,0,0,0,0,0,0,2,0,0.0,0.0,0.0,0.0,0,3,0,0.00,0.00,0.00,0.00,0.00,0.00,0.00,0.00,0.00,0.00
Harrison Reed,eng ENG,MF,Fulham,29-340,1995,8,0,61,0.7,0,0,0,0,0,0,2,0,0.0,0.0,0.1,0.1,1,3,7,0.00,0.00,0.00,0.00,0.00,0.02,0.11,0.13,0.02,0.13
Sergio Reguilón,es ESP,DF,Tottenham,28-016,1996,1,0,41,0.5,0,0,0,0,0,0,0,0,0.0,0.0,0.0,0.0,2,4,4,0.00,0.00,0.00,0.00,0.00,0.00,0.06,0.06,0.00,0.06
Bobby Reid,jm JAM,"FW,MF",Leicester City,31-334,1993,13,2,281,3.1,1,0,1,1,0,0,0,0,0.7,0.7,0.1,0.8,6,9,16,0.32,0.00,0.32,0.32,0.32,0.23,0.04,0.27,0.23,0.27
Chadi Riad,ma MAR,DF,Crystal Palace,21-198,2003,1,1,90,1.0,0,0,0,0,0,0,0,0,0.0,0.0,0.0,0.0,2,7,0,0.00,0.00,0.00,0.00,0.00,0.00,0.00,0.00,0.00,0.00
Declan Rice,eng ENG,MF,Arsenal,25-353,1999,16,15,1282,14.2,1,3,4,1,0,0,5,1,1.2,1.2,3.7,4.9,41,96,41,0.07,0.21,0.28,0.07,0.28,0.09,0.26,0.34,0.09,0.34
Chris Richards,us USA,DF,Crystal Palace,24-279,2000,8,6,535,5.9,0,0,0,0,0,0,1,0,0.1,0.1,0.0,0.1,2,8,1,0.00,0.00,0.00,0.00,0.00,0.02,0.00,0.02,0.02,0.02
Richarlison,br BRA,FW,Tottenham,27-236,1997,5,0,90,1.0,0,1,1,0,0,0,1,0,0.2,0.2,0.8,1.0,4,5,12,0.00,1.00,1.00,0.00,1.00,0.19,0.76,0.95,0.19,0.95
Andrew Robertson,sct SCO,DF,Liverpool,30-296,1994,17,16,1289,14.3,0,0,0,0,0,0,2,1,0.5,0.5,2.4,2.9,30,94,44,0.00,0.00,0.00,0.00,0.00,0.04,0.17,0.20,0.04,0.20
Antonee Robinson,us USA,"DF,FW",Fulham,27-146,1997,19,19,1710,19.0,0,7,7,0,0,0,4,0,0.5,0.5,2.9,3.4,62,71,144,0.00,0.37,0.37,0.00,0.37,0.03,0.15,0.18,0.03,0.18
Rodri,es ESP,MF,Manchester City,28-193,1996,2,1,65,0.7,0,0,0,0,0,0,0,0,0.0,0.0,0.0,0.0,0,4,1,0.00,0.00,0.00,0.00,0.00,0.00,0.06,0.06,0.00,0.06
Guido Rodríguez,ar ARG,MF,West Ham,30-264,1994,16,12,891,9.9,0,0,0,0,0,0,5,0,0.2,0.2,0.1,0.3,2,28,4,0.00,0.00,0.00,0.00,0.00,0.02,0.01,0.03,0.02,0.03
Mads Roerslev,dk DEN,DF,Brentford,25-191,1999,14,6,655,7.3,0,1,1,0,0,0,1,0,0.0,0.0,1.9,1.9,10,40,39,0.00,0.14,0.14,0.00,0.14,0.00,0.25,0.26,0.00,0.26
Morgan Rogers,eng ENG,"MF,FW",Aston Villa,22-159,2002,19,19,1558,17.3,6,3,9,6,0,0,5,0,3.6,3.6,4.0,7.7,64,64,98,0.35,0.17,0.52,0.35,0.52,0.21,0.23,0.44,0.21,0.44
Cristian Romero,ar ARG,DF,Tottenham,26-249,1998,12,12,974,10.8,1,0,1,1,0,0,1,0,1.1,1.1,0.5,1.6,10,48,2,0.09,0.00,0.09,0.09,0.09,0.10,0.05,0.15,0.10,0.15
Georginio Rutter,fr FRA,"FW,MF",Brighton,22-256,2002,18,13,1037,11.5,2,2,4,2,0,0,2,0,2.8,2.8,1.4,4.2,29,44,53,0.17,0.17,0.35,0.17,0.35,0.25,0.12,0.37,0.25,0.37
José Sá,pt POR,GK,Wolves,31-350,1993,12,12,1080,12.0,0,0,0,0,0,0,1,0,0.0,0.0,0.1,0.1,0,0,0,0.00,0.00,0.00,0.00,0.00,0.00,0.01,0.01,0.00,0.01
Bukayo Saka,eng ENG,"FW,MF",Arsenal,23-118,2001,16,16,1268,14.1,5,10,15,4,1,1,3,0,4.2,3.4,5.8,9.2,72,53,195,0.35,0.71,1.06,0.28,0.99,0.30,0.41,0.71,0.24,0.65
Mohamed Salah,eg EGY,FW,Liverpool,32-200,1992,18,18,1582,17.6,17,13,30,13,4,4,1,0,15.4,12.3,7.5,19.8,71,66,209,0.97,0.74,1.71,0.74,1.48,0.88,0.43,1.30,0.70,1.13
William Saliba,fr FRA,DF,Arsenal,23-283,2001,17,17,1469,16.3,2,0,2,2,0,0,2,1,1.9,1.9,0.5,2.4,8,56,2,0.12,0.00,0.12,0.12,0.12,0.12,0.03,0.15,0.12,0.15
Robert Sánchez,es ESP,GK,Chelsea,27-044,1997,17,17,1530,17.0,0,0,0,0,0,0,4,0,0.0,0.0,0.0,0.0,0,1,0,0.00,0.00,0.00,0.00,0.00,0.00,0.00,0.00,0.00,0.00
Jadon Sancho,eng ENG,FW,Chelsea,24-282,2000,13,9,786,8.7,2,3,5,2,0,0,1,0,1.0,1.0,2.1,3.1,50,45,110,0.23,0.34,0.57,0.23,0.57,0.12,0.24,0.36,0.12,0.36
Ibrahim Sangaré,ci CIV,MF,Nott'ham Forest,27-030,1997,3,3,212,2.4,0,0,0,0,0,0,2,0,0.0,0.0,0.0,0.0,0,8,2,0.00,0.00,0.00,0.00,0.00,0.01,0.01,0.01,0.01,0.01
Pablo Sarabia,es ESP,"MF,FW",Wolves,32-235,1992,5,2,181,2.0,1,0,1,1,0,0,1,0,1.4,1.4,0.4,1.9,4,12,13,0.50,0.00,0.50,0.50,0.50,0.71,0.22,0.93,0.71,0.93
Jeremy Sarmiento,ec ECU,MF,Brighton,22-199,2002,1,0,9,0.1,0,0,0,0,0,0,0,0,0.0,0.0,0.0,0.0,0,0,2,0.00,0.00,0.00,0.00,0.00,0.00,0.00,0.00,0.00,0.00
Ismaila Sarr,sn SEN,"MF,FW",Crystal Palace,26-311,1998,19,12,1184,13.2,4,2,6,4,0,0,3,0,3.8,3.8,3.6,7.4,35,33,88,0.30,0.15,0.46,0.30,0.46,0.29,0.27,0.56,0.29,0.56
Sávio,br BRA,"FW,MF",Manchester City,20-266,2004,16,11,911,10.1,1,3,4,1,0,0,2,0,2.5,2.5,3.9,6.4,81,39,129,0.10,0.30,0.40,0.10,0.40,0.25,0.38,0.63,0.25,0.63
Oliver Scarles,eng ENG,DF,West Ham,19-020,2005,2,0,36,0.4,0,0,0,0,0,0,0,0,0.0,0.0,0.0,0.0,0,1,3,0.00,0.00,0.00,0.00,0.00,0.00,0.00,0.00,0.00,0.00
Kevin Schade,de GER,FW,Brentford,23-035,2001,18,9,848,9.4,4,2,6,4,0,0,2,0,3.6,3.6,1.1,4.7,24,18,68,0.42,0.21,0.64,0.42,0.64,0.38,0.12,0.50,0.38,0.50
Fabian Schär,ch SUI,DF,Newcastle Utd,33-012,1991,17,17,1467,16.3,2,0,2,2,0,0,5,1,1.3,1.3,0.2,1.5,10,59,10,0.12,0.00,0.12,0.12,0.12,0.08,0.01,0.09,0.08,0.09
Jeffrey Schlupp,gh GHA,"MF,DF",Crystal Palace,32-009,1992,11,0,102,1.1,0,0,0,0,0,0,0,0,0.2,0.2,0.1,0.3,3,4,8,0.00,0.00,0.00,0.00,0.00,0.14,0.09,0.23,0.14,0.23
Alex Scott,eng ENG,MF,Bournemouth,21-133,2003,8,2,263,2.9,0,0,0,0,0,0,0,0,0.1,0.1,0.2,0.3,5,32,14,0.00,0.00,0.00,0.00,0.00,0.05,0.07,0.12,0.05,0.12
Matz Sels,be BEL,GK,Nott'ham Forest,32-310,1992,19,19,1710,19.0,0,0,0,0,0,0,2,0,0.0,0.0,0.0,0.0,0,1,0,0.00,0.00,0.00,0.00,0.00,0.00,0.00,0.00,0.00,0.00
Nélson Semedo,pt POR,DF,Wolves,31-046,1993,16,16,1406,15.6,0,3,3,0,0,0,6,0,0.4,0.4,1.4,1.8,30,35,44,0.00,0.19,0.19,0.00,0.19,0.02,0.09,0.12,0.02,0.12
Antoine Semenyo,gh GHA,FW,Bournemouth,24-360,2000,18,18,1566,17.4,5,2,7,5,0,0,5,0,5.9,5.9,3.1,9.0,74,52,152,0.29,0.11,0.40,0.29,0.40,0.34,0.18,0.52,0.34,0.52
Marcos Senesi,ar ARG,DF,Bournemouth,27-236,1997,11,11,917,10.2,0,0,0,0,0,0,4,0,0.8,0.8,0.4,1.2,11,45,3,0.00,0.00,0.00,0.00,0.00,0.08,0.04,0.12,0.08,0.12
Ryan Sessegnon,eng ENG,MF,Fulham,24-228,2000,2,0,6,0.1,0,0,0,0,0,0,0,0,0.0,0.0,0.0,0.0,0,0,0,0.00,0.00,0.00,0.00,0.00,0.00,0.00,0.00,0.00,0.00
Luke Shaw,eng ENG,DF,Manchester Utd,29-173,1995,2,0,70,0.8,0,0,0,0,0,0,0,0,0.0,0.0,0.0,0.0,1,6,0,0.00,0.00,0.00,0.00,0.00,0.00,0.00,0.00,0.00,0.00
Bernardo Silva,pt POR,"MF,FW",Manchester City,30-144,1994,19,17,1556,17.3,2,4,6,2,0,0,4,0,2.7,2.7,3.9,6.6,65,77,145,0.12,0.23,0.35,0.12,0.35,0.16,0.23,0.38,0.16,0.38
Jota Silva,pt POR,"FW,MF",Nott'ham Forest,25-153,1999,18,3,542,6.0,0,1,1,0,0,0,3,0,0.5,0.5,1.6,2.2,16,12,36,0.00,0.17,0.17,0.00,0.17,0.09,0.27,0.36,0.09,0.36
Eric da Silva Moreira,de GER,"MF,DF",Nott'ham Forest,18-243,2006,2,0,30,0.3,0,0,0,0,0,0,0,0,0.0,0.0,0.0,0.0,1,0,1,0.00,0.00,0.00,0.00,0.00,0.00,0.00,0.00,0.00,0.00
Jahmai Simpson-Pusey,eng ENG,DF,Manchester City,19-058,2005,2,1,96,1.1,0,0,0,0,0,0,1,0,0.0,0.0,0.0,0.0,1,3,0,0.00,0.00,0.00,0.00,0.00,0.00,0.00,0.00,0.00,0.00
Luis Sinisterra,co COL,"FW,MF",Bournemouth,25-198,1999,8,1,208,2.3,1,1,2,1,0,0,0,0,1.1,1.1,1.0,2.1,14,3,29,0.43,0.43,0.87,0.43,0.87,0.48,0.44,0.92,0.48,0.92
Oliver Skipp,eng ENG,MF,Leicester City,24-107,2000,12,7,708,7.9,0,0,0,0,0,0,4,0,0.1,0.1,0.2,0.3,12,20,10,0.00,0.00,0.00,0.00,0.00,0.01,0.02,0.03,0.01,0.03
William Smallbone,ie IRL,MF,Southampton,24-315,2000,4,3,241,2.7,0,0,0,0,0,0,0,0,0.3,0.3,0.3,0.6,2,8,12,0.00,0.00,0.00,0.00,0.00,0.11,0.11,0.23,0.11,0.23
Adam Smith,eng ENG,DF,Bournemouth,33-247,1991,17,12,1035,11.5,0,0,0,0,0,0,4,0,0.6,0.6,0.1,0.7,7,31,16,0.00,0.00,0.00,0.00,0.00,0.05,0.01,0.06,0.05,0.06
Emile Smith Rowe,eng ENG,MF,Fulham,24-157,2000,17,14,1091,12.1,3,2,5,3,0,0,1,0,2.2,2.2,1.0,3.1,35,74,63,0.25,0.16,0.41,0.25,0.41,0.18,0.08,0.26,0.18,0.26
Dominic Solanke,eng ENG,FW,Tottenham,27-109,1997,16,16,1418,15.8,6,3,9,6,0,0,0,0,7.8,7.8,2.6,10.3,25,36,67,0.38,0.19,0.57,0.38,0.57,0.49,0.16,0.66,0.49,0.66
Carlos Soler,es ESP,MF,West Ham,27-365,1997,15,8,724,8.0,0,1,1,0,0,0,5,0,1.1,1.1,0.9,2.0,9,35,16,0.00,0.12,0.12,0.00,0.12,0.13,0.11,0.25,0.13,0.25
Ramón Sosa,py PAR,"FW,MF",Nott'ham Forest,25-123,1999,12,1,222,2.5,1,0,1,1,0,0,0,0,0.9,0.9,0.4,1.3,9,4,13,0.41,0.00,0.41,0.41,0.41,0.37,0.17,0.54,0.37,0.54
Tomáš Souček,cz CZE,MF,West Ham,29-309,1995,17,14,1255,13.9,4,0,4,4,0,0,5,0,2.8,2.8,0.6,3.4,2,41,31,0.29,0.00,0.29,0.29,0.29,0.20,0.05,0.25,0.20,0.25
Boubakary Soumaré,fr FRA,MF,Leicester City,25-309,1999,12,8,745,8.3,0,0,0,0,0,0,7,0,0.1,0.1,0.1,0.2,8,33,8,0.00,0.00,0.00,0.00,0.00,0.01,0.01,0.02,0.01,0.02
Djed Spence,eng ENG,DF,Tottenham,24-145,2000,7,3,320,3.6,0,1,1,0,0,0,3,1,0.1,0.1,0.9,1.0,14,23,20,0.00,0.28,0.28,0.00,0.28,0.02,0.24,0.27,0.02,0.27
Jay Stansfield,eng ENG,MF,Fulham,22-038,2002,1,0,1,0.0,0,0,0,0,0,0,0,0,0.0,0.0,0.0,0.0,0,0,0,0.00,0.00,0.00,0.00,0.00,0.00,0.00,0.00,0.00,0.00
Jason Steele,eng ENG,GK,Brighton,34-136,1990,2,2,180,2.0,0,0,0,0,0,0,0,0,0.0,0.0,0.0,0.0,0,0,0,0.00,0.00,0.00,0.00,0.00,0.00,0.00,0.00,0.00,0.00
Jack Stephens,eng ENG,DF,Southampton,30-340,1994,10,10,793,8.8,0,0,0,0,0,0,2,2,0.3,0.3,0.1,0.4,11,43,1,0.00,0.00,0.00,0.00,0.00,0.03,0.02,0.05,0.03,0.05
Raheem Sterling,eng ENG,"MF,FW",Arsenal,30-024,1994,6,2,148,1.6,0,1,1,0,0,0,0,0,0.5,0.5,0.2,0.7,10,6,19,0.00,0.61,0.61,0.00,0.61,0.31,0.10,0.41,0.31,0.41
Ross Stewart,sct SCO,"FW,MF",Southampton,28-174,1996,4,1,132,1.5,0,0,0,0,0,0,1,0,0.1,0.1,0.0,0.1,1,1,5,0.00,0.00,0.00,0.00,0.00,0.08,0.00,0.08,0.08,0.08
Jakub Stolarczyk,pl POL,GK,Leicester City,24-013,2000,2,2,180,2.0,0,0,0,0,0,0,0,0,0.0,0.0,0.0,0.0,0,0,0,0.00,0.00,0.00,0.00,0.00,0.00,0.00,0.00,0.00,0.00
John Stones,eng ENG,"DF,MF",Manchester City,30-218,1994,8,4,331,3.7,2,0,2,2,0,0,1,0,0.4,0.4,0.1,0.5,8,18,1,0.54,0.00,0.54,0.54,0.54,0.12,0.02,0.14,0.12,0.14
Jørgen Strand Larsen,no NOR,FW,Wolves,24-330,2000,19,18,1532,17.0,7,2,9,7,0,0,2,0,4.5,4.5,1.3,5.8,6,13,52,0.41,0.12,0.53,0.41,0.53,0.26,0.08,0.34,0.26,0.34
Yukinari Sugawara,jp JPN,DF,Southampton,24-187,2000,16,11,933,10.4,1,1,2,1,0,0,3,0,0.4,0.4,2.2,2.6,21,53,47,0.10,0.10,0.19,0.10,0.19,0.04,0.21,0.25,0.04,0.25
Kamaldeen Sulemana,gh GHA,"FW,MF",Southampton,22-321,2002,8,1,108,1.2,0,0,0,0,0,0,0,0,0.0,0.0,0.0,0.0,5,0,8,0.00,0.00,0.00,0.00,0.00,0.02,0.00,0.02,0.02,0.02
Crysencio Summerville,nl NED,"MF,FW",West Ham,23-063,2001,18,6,695,7.7,1,1,2,1,0,0,2,0,1.5,1.5,1.5,3.0,27,15,65,0.13,0.13,0.26,0.13,0.26,0.20,0.20,0.39,0.20,0.39
Sammie Szmodics,ie IRL,"FW,MF",Ipswich Town,29-099,1995,17,12,906,10.1,3,0,3,3,0,0,2,0,3.1,3.1,0.2,3.3,15,17,46,0.30,0.00,0.30,0.30,0.30,0.31,0.02,0.33,0.31,0.33
Dominik Szoboszlai,hu HUN,MF,Liverpool,24-068,2000,17,12,1132,12.6,2,2,4,2,0,0,5,0,4.0,4.0,2.9,6.9,38,57,50,0.16,0.16,0.32,0.16,0.32,0.32,0.23,0.55,0.32,0.55
Matt Targett,eng ENG,DF,Newcastle Utd,29-105,1995,1,0,12,0.1,0,0,0,0,0,0,0,0,0.0,0.0,0.0,0.0,0,0,0,0.00,0.00,0.00,0.00,0.00,0.00,0.00,0.00,0.00,0.00
James Tarkowski,eng ENG,DF,Everton,32-043,1992,18,18,1611,17.9,0,0,0,0,0,0,4,0,0.7,0.7,1.3,2.0,4,41,2,0.00,0.00,0.00,0.00,0.00,0.04,0.07,0.11,0.04,0.11
Marcus Tavernier,eng ENG,"FW,MF",Bournemouth,25-285,1999,15,13,1140,12.7,1,4,5,1,0,0,2,0,4.1,4.1,2.6,6.7,26,70,83,0.08,0.32,0.39,0.08,0.39,0.32,0.20,0.53,0.32,0.53
Charlie Taylor,eng ENG,DF,Southampton,31-105,1993,6,2,221,2.5,0,0,0,0,0,0,1,0,0.0,0.0,0.1,0.1,2,6,6,0.00,0.00,0.00,0.00,0.00,0.00,0.03,0.03,0.00,0.03
Jack Taylor,ie IRL,MF,Ipswich Town,26-192,1998,14,1,348,3.9,1,0,1,1,0,0,3,0,0.5,0.5,0.5,1.1,8,30,9,0.26,0.00,0.26,0.26,0.26,0.14,0.14,0.28,0.14,0.28
Kenny Tete,nl NED,DF,Fulham,29-084,1995,15,15,1262,14.0,0,2,2,0,0,0,3,0,1.0,1.0,0.7,1.8,33,42,39,0.00,0.14,0.14,0.00,0.14,0.07,0.05,0.13,0.07,0.13
Thiago,br BRA,FW,Brentford,23-189,2001,4,1,132,1.5,0,0,0,0,0,0,0,0,0.1,0.1,0.1,0.2,3,2,4,0.00,0.00,0.00,0.00,0.00,0.07,0.05,0.11,0.07,0.11
Luke Thomas,eng ENG,DF,Leicester City,23-205,2001,1,1,90,1.0,0,0,0,0,0,0,0,0,0.0,0.0,0.1,0.1,1,3,5,0.00,0.00,0.00,0.00,0.00,0.02,0.05,0.07,0.02,0.07
Youri Tielemans,be BEL,MF,Aston Villa,27-239,1997,19,19,1591,17.7,0,4,4,0,0,1,3,0,1.5,0.7,4.2,4.9,22,118,21,0.00,0.23,0.23,0.00,0.23,0.08,0.24,0.32,0.04,0.28
Jurriën Timber,nl NED,DF,Arsenal,23-198,2001,16,15,1305,14.5,1,1,2,1,0,0,4,0,0.7,0.7,0.6,1.3,25,64,44,0.07,0.07,0.14,0.07,0.14,0.05,0.04,0.09,0.05,0.09
Jean-Clair Todibo,fr FRA,DF,West Ham,25-002,1999,14,7,814,9.0,0,0,0,0,0,0,0,0,0.1,0.1,0.0,0.1,3,15,1,0.00,0.00,0.00,0.00,0.00,0.01,0.00,0.01,0.01,0.01
Harry Toffolo,eng ENG,DF,Nott'ham Forest,29-135,1995,3,0,47,0.5,0,0,0,0,0,0,0,0,0.0,0.0,0.0,0.0,0,2,4,0.00,0.00,0.00,0.00,0.00,0.03,0.00,0.03,0.03,0.03
Takehiro Tomiyasu,jp JPN,DF,Arsenal,26-057,1998,1,0,7,0.1,0,0,0,0,0,0,0,0,0.2,0.2,0.0,0.2,0,1,0,0.00,0.00,0.00,0.00,0.00,2.37,0.00,2.37,2.37,2.37
Sandro Tonali,it ITA,MF,Newcastle Utd,24-238,2000,17,10,1011,11.2,0,1,1,0,0,0,4,0,2.2,2.2,0.4,2.6,8,43,23,0.00,0.09,0.09,0.00,0.09,0.19,0.04,0.23,0.19,0.23
Pau Torres,es ESP,DF,Aston Villa,27-351,1997,18,18,1549,17.2,0,0,0,0,0,0,1,0,0.5,0.5,0.0,0.5,31,70,4,0.00,0.00,0.00,0.00,0.00,0.03,0.00,0.03,0.03,0.03
Conor Townsend,eng ENG,MF,Ipswich Town,31-303,1993,1,0,1,0.0,0,0,0,0,0,0,0,0,0.0,0.0,0.0,0.0,0,0,0,0.00,0.00,0.00,0.00,0.00,0.00,1.60,1.60,0.00,1.60
Adama Traoré,es ESP,"FW,MF",Fulham,28-342,1996,18,11,929,10.3,1,3,4,1,0,0,2,0,2.9,2.9,2.8,5.7,52,33,83,0.10,0.29,0.39,0.10,0.39,0.28,0.27,0.55,0.28,0.55
Mark Travers,ie IRL,GK,Bournemouth,25-228,1999,3,3,270,3.0,0,0,0,0,0,0,0,0,0.0,0.0,0.0,0.0,0,0,0,0.00,0.00,0.00,0.00,0.00,0.00,0.00,0.00,0.00,0.00
Ryan Trevitt,eng ENG,MF,Brentford,21-295,2003,1,0,4,0.0,0,0,0,0,0,0,0,0,0.0,0.0,0.0,0.0,0,0,1,0.00,0.00,0.00,0.00,0.00,0.00,0.00,0.00,0.00,0.00
Kieran Trippier,eng ENG,DF,Newcastle Utd,34-104,1990,11,5,483,5.4,0,0,0,0,0,0,1,0,0.0,0.0,0.2,0.2,10,35,26,0.00,0.00,0.00,0.00,0.00,0.00,0.04,0.04,0.00,0.04
Leandro Trossard,be BEL,FW,Arsenal,30-028,1994,18,11,1007,11.2,3,2,5,3,0,0,2,1,3.1,3.1,3.2,6.3,31,45,82,0.27,0.18,0.45,0.27,0.45,0.28,0.28,0.56,0.28,0.56
Kostas Tsimikas,gr GRE,DF,Liverpool,28-234,1996,8,2,254,2.8,0,0,0,0,0,0,0,0,0.1,0.1,0.5,0.6,5,31,7,0.00,0.00,0.00,0.00,0.00,0.03,0.19,0.21,0.03,0.21
Axel Tuanzebe,cd COD,DF,Ipswich Town,27-048,1997,9,9,770,8.6,0,0,0,0,0,0,3,0,0.2,0.2,0.2,0.4,4,20,3,0.00,0.00,0.00,0.00,0.00,0.02,0.03,0.05,0.02,0.05
Destiny Udogie,it ITA,DF,Tottenham,22-034,2002,18,18,1430,15.9,0,1,1,0,0,0,2,0,0.3,0.3,1.3,1.6,39,97,79,0.00,0.06,0.06,0.00,0.06,0.02,0.08,0.10,0.02,0.10
Manuel Ugarte Ribeiro,uy URU,MF,Manchester Utd,23-265,2001,13,8,712,7.9,0,0,0,0,0,0,5,0,0.3,0.3,0.5,0.8,7,27,9,0.00,0.00,0.00,0.00,0.00,0.03,0.07,0.10,0.03,0.10
Lesley Ugochukwu,fr FRA,MF,Southampton,20-281,2004,9,3,371,4.1,0,0,0,0,0,0,2,0,0.3,0.3,0.3,0.6,10,18,6,0.00,0.00,0.00,0.00,0.00,0.07,0.08,0.15,0.07,0.15
Enes Ünal,tr TUR,"FW,MF",Bournemouth,27-236,1997,16,2,324,3.6,2,1,3,2,0,0,2,0,2.7,2.7,0.4,3.1,4,12,20,0.56,0.28,0.83,0.56,0.83,0.75,0.11,0.86,0.75,0.86
Virgil van Dijk,nl NED,DF,Liverpool,33-177,1991,18,18,1620,18.0,1,1,2,1,0,0,1,0,1.0,1.0,0.3,1.3,4,67,4,0.06,0.06,0.11,0.06,0.11,0.06,0.02,0.07,0.06,0.07
Jamie Vardy,eng ENG,FW,Leicester City,37-356,1987,17,17,1371,15.2,6,3,9,5,1,1,4,0,6.1,5.3,2.3,7.7,14,14,60,0.39,0.20,0.59,0.33,0.53,0.40,0.15,0.55,0.35,0.50
Renato Veiga,pt POR,"DF,MF",Chelsea,21-156,2003,7,1,181,2.0,0,0,0,0,0,0,2,0,0.2,0.2,0.0,0.2,4,7,3,0.00,0.00,0.00,0.00,0.00,0.08,0.00,0.08,0.08,0.08
Joël Veltman,nl NED,DF,Brighton,32-352,1992,13,13,1109,12.3,0,0,0,0,0,0,2,0,0.1,0.1,0.3,0.4,20,43,20,0.00,0.00,0.00,0.00,0.00,0.01,0.02,0.03,0.01,0.03
Micky van de Ven,nl NED,DF,Tottenham,23-257,2001,9,9,788,8.8,0,2,2,0,0,0,4,0,0.4,0.4,1.2,1.5,8,43,1,0.00,0.23,0.23,0.00,0.23,0.04,0.13,0.17,0.04,0.17
Bart Verbruggen,nl NED,GK,Brighton,22-136,2002,17,17,1530,17.0,0,0,0,0,0,0,2,0,0.0,0.0,0.0,0.0,0,0,0,0.00,0.00,0.00,0.00,0.00,0.00,0.00,0.00,0.00,0.00
Jannik Vestergaard,dk DEN,DF,Leicester City,32-151,1992,11,10,870,9.7,0,0,0,0,0,0,4,0,0.0,0.0,0.0,0.1,1,20,1,0.00,0.00,0.00,0.00,0.00,0.00,0.00,0.01,0.00,0.01
Guglielmo Vicario,it ITA,GK,Tottenham,28-086,1996,12,12,1080,12.0,0,0,0,0,0,0,1,0,0.0,0.0,0.0,0.0,0,1,0,0.00,0.00,0.00,0.00,0.00,0.00,0.00,0.00,0.00,0.00
Carlos Vinícius,br BRA,MF,Fulham,29-282,1995,1,0,4,0.0,0,0,0,0,0,0,0,0,0.0,0.0,0.0,0.0,1,0,1,0.00,0.00,0.00,0.00,0.00,0.83,0.00,0.83,0.83,0.83
Kyle Walker,eng ENG,DF,Manchester City,34-218,1990,14,9,940,10.4,0,0,0,0,0,0,2,0,0.1,0.1,0.4,0.6,12,64,11,0.00,0.00,0.00,0.00,0.00,0.01,0.04,0.06,0.01,0.06
Kyle Walker-Peters,eng ENG,DF,Southampton,27-263,1997,17,17,1510,16.8,0,2,2,0,0,0,3,0,0.3,0.3,2.2,2.5,66,72,51,0.00,0.12,0.12,0.00,0.12,0.02,0.13,0.15,0.02,0.15
Christian Walton,eng ENG,GK,Ipswich Town,29-053,1995,2,2,180,2.0,0,0,0,0,0,0,0,0,0.0,0.0,0.0,0.0,0,0,0,0.00,0.00,0.00,0.00,0.00,0.00,0.01,0.01,0.00,0.01
Aaron Wan-Bissaka,eng ENG,DF,West Ham,27-036,1997,18,17,1534,17.0,2,0,2,2,0,0,0,0,0.9,0.9,0.9,1.8,55,72,68,0.12,0.00,0.12,0.12,0.12,0.05,0.05,0.11,0.05,0.11
Danny Ward,wls WAL,GK,Leicester City,31-193,1993,2,1,135,1.5,0,0,0,0,0,0,0,0,0.0,0.0,0.0,0.0,0,0,0,0.00,0.00,0.00,0.00,0.00,0.00,0.00,0.00,0.00,0.00
James Ward-Prowse,eng ENG,MF,West Ham,30-061,1994,1,0,18,0.2,0,0,0,0,0,0,0,0,0.0,0.0,0.0,0.0,1,4,0,0.00,0.00,0.00,0.00,0.00,0.00,0.00,0.00,0.00,0.00
James Ward-Prowse,eng ENG,MF,Nott'ham Forest,30-061,1994,8,5,397,4.4,0,0,0,0,0,0,2,1,0.1,0.1,0.1,0.2,1,16,2,0.00,0.00,0.00,0.00,0.00,0.01,0.03,0.04,0.01,0.04
Ollie Watkins,eng ENG,FW,Aston Villa,29-002,1995,19,15,1272,14.1,8,4,12,6,2,2,0,0,9.9,8.3,1.9,10.1,26,13,86,0.57,0.28,0.85,0.42,0.71,0.70,0.13,0.83,0.59,0.72
Adam Webster,eng ENG,DF,Brighton,29-363,1995,3,2,79,0.9,0,0,0,0,0,0,0,0,0.0,0.0,0.0,0.0,0,10,1,0.00,0.00,0.00,0.00,0.00,0.00,0.00,0.00,0.00,0.00
Danny Welbeck,eng ENG,FW,Brighton,34-036,1990,14,13,1112,12.4,6,2,8,6,0,0,1,0,5.6,5.6,0.5,6.1,10,29,46,0.49,0.16,0.65,0.49,0.65,0.45,0.04,0.49,0.45,0.49
Timo Werner,de GER,"FW,MF",Tottenham,28-301,1996,16,3,446,5.0,0,3,3,0,0,0,0,0,1.0,1.0,2.5,3.5,39,26,82,0.00,0.61,0.61,0.00,0.61,0.20,0.51,0.70,0.20,0.70
Adam Wharton,eng ENG,MF,Crystal Palace,20-213,2004,8,8,622,6.9,0,0,0,0,0,0,0,0,0.2,0.2,0.6,0.8,6,61,6,0.00,0.00,0.00,0.00,0.00,0.03,0.09,0.12,0.03,0.12
Ben White,eng ENG,DF,Arsenal,27-085,1997,9,7,695,7.7,0,1,1,0,0,0,2,0,0.1,0.1,0.4,0.6,4,30,15,0.00,0.13,0.13,0.00,0.13,0.02,0.06,0.07,0.02,0.07
Mats Wieffer,nl NED,MF,Brighton,25-046,1999,13,4,471,5.2,1,1,2,1,0,0,2,0,0.5,0.5,0.6,1.0,5,34,8,0.19,0.19,0.38,0.19,0.38,0.09,0.10,0.19,0.09,0.19
Neco Williams,wls WAL,DF,Nott'ham Forest,23-263,2001,16,9,909,10.1,0,1,1,0,0,0,4,0,1.0,1.0,0.5,1.5,25,31,28,0.00,0.10,0.10,0.00,0.10,0.10,0.05,0.15,0.10,0.15
Joe Willock,eng ENG,"MF,FW",Newcastle Utd,25-134,1999,16,6,543,6.0,0,1,1,0,0,0,2,0,0.7,0.7,1.1,1.8,18,22,42,0.00,0.17,0.17,0.00,0.17,0.11,0.19,0.30,0.11,0.30
Callum Wilson,eng ENG,"FW,MF",Newcastle Utd,32-309,1992,4,0,61,0.7,0,0,0,0,0,0,1,0,0.0,0.0,0.0,0.0,0,0,3,0.00,0.00,0.00,0.00,0.00,0.00,0.00,0.00,0.00,0.00
Harry Wilson,wls WAL,"FW,MF",Fulham,27-285,1997,15,4,524,5.8,5,0,5,5,0,0,2,0,2.8,2.8,0.2,3.0,8,21,48,0.86,0.00,0.86,0.86,0.86,0.48,0.03,0.51,0.48,0.51
Harry Winks,eng ENG,MF,Leicester City,28-334,1996,14,12,1058,11.8,0,2,2,0,0,0,3,0,0.2,0.2,1.1,1.3,12,68,8,0.00,0.17,0.17,0.00,0.17,0.01,0.10,0.11,0.01,0.11
Ben Winterburn,eng ENG,MF,Bournemouth,20-119,2004,1,0,9,0.1,0,0,0,0,0,0,0,0,0.0,0.0,0.0,0.0,0,0,0,0.00,0.00,0.00,0.00,0.00,0.00,0.00,0.00,0.00,0.00
Yoane Wissa,cd COD,FW,Brentford,28-120,1996,15,14,1137,12.6,9,1,10,9,0,0,2,0,6.7,6.7,0.8,7.6,24,27,67,0.71,0.08,0.79,0.71,0.79,0.53,0.07,0.60,0.53,0.60
Chris Wood,nz NZL,FW,Nott'ham Forest,33-025,1991,19,18,1486,16.5,11,1,12,9,2,2,1,0,6.9,5.3,1.2,6.5,12,16,40,0.67,0.06,0.73,0.55,0.61,0.42,0.07,0.49,0.32,0.39
Nathan Wood-Gordon,eng ENG,DF,Southampton,22-215,2002,6,5,526,5.8,0,0,0,0,0,0,2,0,0.2,0.2,0.0,0.3,2,13,0,0.00,0.00,0.00,0.00,0.00,0.04,0.00,0.04,0.04,0.04
Luke Woolfenden,eng ENG,DF,Ipswich Town,26-072,1998,7,6,557,6.2,0,0,0,0,0,0,1,0,0.0,0.0,0.0,0.0,3,10,0,0.00,0.00,0.00,0.00,0.00,0.00,0.00,0.00,0.00,0.00
Yehor Yarmoliuk,ua UKR,MF,Brentford,20-306,2004,13,4,416,4.6,0,0,0,0,0,0,2,0,0.4,0.4,0.2,0.5,8,19,23,0.00,0.00,0.00,0.00,0.00,0.08,0.03,0.12,0.08,0.12
Ryan Yates,eng ENG,MF,Nott'ham Forest,27-041,1997,18,13,1308,14.5,1,0,1,1,0,0,5,0,1.7,1.7,0.7,2.4,12,34,10,0.07,0.00,0.07,0.07,0.07,0.12,0.05,0.17,0.12,0.17
Leny Yoro,fr FRA,DF,Manchester Utd,19-049,2005,6,2,242,2.7,0,0,0,0,0,0,1,0,0.6,0.6,0.0,0.6,1,9,1,0.00,0.00,0.00,0.00,0.00,0.21,0.00,0.21,0.21,0.21
Ashley Young,eng ENG,DF,Everton,39-176,1985,15,15,1267,14.1,1,3,4,1,0,0,5,1,0.2,0.2,1.3,1.5,15,75,13,0.07,0.21,0.28,0.07,0.28,0.02,0.09,0.11,0.02,0.11
Illia Zabarnyi,ua UKR,DF,Bournemouth,22-122,2002,19,19,1710,19.0,0,0,0,0,0,0,2,0,0.6,0.6,0.5,1.1,13,76,3,0.00,0.00,0.00,0.00,0.00,0.03,0.02,0.06,0.03,0.06
Oleksandr Zinchenko,ua UKR,"DF,MF",Arsenal,28-017,1996,6,2,238,2.6,0,0,0,0,0,0,1,0,0.1,0.1,0.0,0.1,5,19,6,0.00,0.00,0.00,0.00,0.00,0.02,0.01,0.03,0.02,0.03
Joshua Zirkzee,nl NED,"FW,MF",Manchester Utd,23-224,2001,19,7,704,7.8,3,1,4,3,0,0,1,0,3.0,3.0,0.8,3.8,5,21,32,0.38,0.13,0.51,0.38,0.51,0.38,0.11,0.49,0.38,0.49
Martin Ødegaard,no NOR,MF,Arsenal,26-015,1998,11,11,906,10.1,1,2,3,0,1,1,1,0,2.5,1.7,1.9,3.6,33,100,58,0.10,0.20,0.30,0.00,0.20,0.25,0.18,0.43,0.17,0.36
